latitude,longitude,bright_ti4,scan,track,acq_date,acq_time,satellite,instrument,confidence,version,bright_ti5,frp,daynight,type
26.94941,89.25967,325.63,0.63,0.72,2024-01-01,0614,N20,VIIRS,n,2,286.46,4.53,D,0
26.906,89.30315,326.99,0.63,0.72,2024-01-01,0614,N20,VIIRS,n,2,287.35,10.8,D,0
26.91164,89.29826,355.85,0.63,0.72,2024-01-01,0614,N20,VIIRS,l,2,287.33,10.8,D,0
26.94957,89.25794,328.93,0.64,0.72,2024-01-01,0614,N20,VIIRS,n,2,286.7,4.8,D,0
26.85058,91.51533,335.84,0.48,0.4,2024-01-03,0716,N20,VIIRS,n,2,293.85,6.1,D,0
26.85099,91.51283,329.89,0.48,0.4,2024-01-03,0716,N20,VIIRS,n,2,293.45,4.49,D,0
26.93834,89.25383,328.54,0.44,0.39,2024-01-04,0658,N20,VIIRS,n,2,293.03,10.27,D,0
27.31915,91.854,334.84,0.38,0.36,2024-01-04,0658,N20,VIIRS,n,2,284.31,4.22,D,0
26.91556,89.2895,327.13,0.44,0.39,2024-01-04,0658,N20,VIIRS,n,2,292.39,2.12,D,0
26.83971,90.46834,326.29,0.32,0.55,2024-01-07,0742,N20,VIIRS,n,2,295.93,1.65,D,0
27.2851,91.91321,329.23,0.39,0.36,2024-01-09,0704,N20,VIIRS,n,2,288.47,3.91,D,0
26.90472,89.30849,330.55,0.42,0.45,2024-01-10,0645,N20,VIIRS,n,2,289.01,3.28,D,0
27.3824,90.56085,312.93,0.5,0.66,2024-01-11,1852,N20,VIIRS,n,2,279.28,3.24,N,0
27.38075,90.56755,301.26,0.5,0.66,2024-01-11,1852,N20,VIIRS,n,2,276.51,2.07,N,0
27.38119,90.5615,318.51,0.5,0.66,2024-01-11,1852,N20,VIIRS,n,2,278.63,2.07,N,0
27.38673,90.5693,297.87,0.5,0.66,2024-01-11,1852,N20,VIIRS,n,2,279.34,2.41,N,0
27.38701,90.56538,319.85,0.5,0.66,2024-01-11,1852,N20,VIIRS,n,2,280.63,2.41,N,0
27.38207,90.56595,328.18,0.5,0.66,2024-01-11,1852,N20,VIIRS,n,2,279.81,6.14,N,0
27.38825,90.5648,304.54,0.5,0.66,2024-01-11,1852,N20,VIIRS,n,2,279.3,3.24,N,0
27.38537,90.571,339.13,0.65,0.73,2024-01-12,0608,N20,VIIRS,n,2,293.83,11.83,D,0
27.38664,90.57086,334.74,0.65,0.73,2024-01-12,0608,N20,VIIRS,n,2,293,6.63,D,0
27.38944,90.5815,325.12,0.65,0.73,2024-01-12,0608,N20,VIIRS,n,2,286.81,6.63,D,0
26.83447,89.45048,327.49,0.35,0.57,2024-01-12,0748,N20,VIIRS,n,2,292.92,2.48,D,0
27.38605,90.57234,330.02,0.42,0.61,2024-01-12,0748,N20,VIIRS,n,2,289.29,3.62,D,0
27.27677,91.77648,350.84,0.5,0.49,2024-01-13,0729,N20,VIIRS,n,2,294.77,25.7,D,0
27.8475,89.95614,339.58,0.4,0.44,2024-01-13,0729,N20,VIIRS,n,2,294.46,15.67,D,0
27.84702,89.95181,330.96,0.4,0.44,2024-01-13,0729,N20,VIIRS,n,2,302.2,20.07,D,0
28.06372,90.12198,345.5,0.41,0.45,2024-01-13,0729,N20,VIIRS,n,2,291.85,5.81,D,0
27.80618,90.4802,341.26,0.43,0.46,2024-01-13,0729,N20,VIIRS,n,2,292.42,11.69,D,0
27.8021,90.48167,326.39,0.43,0.46,2024-01-13,0729,N20,VIIRS,n,2,293.69,4.91,D,0
26.83457,89.45079,325.81,0.43,0.38,2024-01-13,1955,N20,VIIRS,n,2,284.52,1.26,N,0
26.79043,90.85473,329.56,0.4,0.37,2024-01-14,0710,N20,VIIRS,n,2,299.23,2.14,D,0
26.78889,90.85468,328.14,0.4,0.37,2024-01-14,0710,N20,VIIRS,n,2,299.11,2.87,D,0
27.36724,89.06261,328.3,0.53,0.42,2024-01-15,0651,N20,VIIRS,n,2,278.52,5.34,D,0
27.37093,89.06537,345.37,0.53,0.42,2024-01-15,0651,N20,VIIRS,n,2,291.33,15.98,D,0
27.37206,89.06741,328.75,0.53,0.42,2024-01-15,0651,N20,VIIRS,n,2,280.31,7.51,D,0
27.23696,90.94279,330.46,0.44,0.38,2024-01-15,0651,N20,VIIRS,n,2,291.15,2.92,D,0
27.37113,89.06245,347.38,0.53,0.42,2024-01-15,0651,N20,VIIRS,n,2,292.45,24.05,D,0
27.36989,89.05995,337.32,0.53,0.42,2024-01-15,0651,N20,VIIRS,n,2,280.55,15.98,D,0
26.77765,90.81863,334.03,0.54,0.5,2024-01-16,0632,N20,VIIRS,n,2,291.9,5.77,D,0
26.83701,89.44716,298.98,0.6,0.7,2024-01-16,2039,N20,VIIRS,n,2,281.73,1.44,N,0
26.783,90.95313,338.15,0.55,0.51,2024-01-18,0735,N20,VIIRS,n,2,296.06,7.8,D,0
26.78222,90.94061,337.28,0.4,0.44,2024-01-18,2001,N20,VIIRS,n,2,284.56,1.84,N,0
26.89626,91.31438,328.9,0.47,0.4,2024-01-19,0716,N20,VIIRS,n,2,285.56,2.84,D,0
26.85304,90.44421,333.02,0.43,0.38,2024-01-19,0716,N20,VIIRS,n,2,299.76,3.16,D,0
26.78138,90.94392,329.62,0.45,0.39,2024-01-19,0716,N20,VIIRS,l,2,302.6,4.11,D,0
26.81991,89.41119,330.27,0.44,0.38,2024-01-20,0658,N20,VIIRS,n,2,294.38,3.96,D,0
26.93508,91.65379,335.85,0.38,0.44,2024-01-21,0639,N20,VIIRS,n,2,287.45,4.94,D,0
26.93435,91.65002,330.01,0.38,0.44,2024-01-21,0639,N20,VIIRS,n,2,285.9,4.34,D,0
27.35074,89.43533,336.11,0.49,0.65,2024-01-22,0620,N20,VIIRS,n,2,285.89,5.34,D,0
27.04122,89.39532,325.5,0.5,0.66,2024-01-22,0620,N20,VIIRS,n,2,285.3,3.63,D,0
27.34705,89.43761,331.75,0.49,0.65,2024-01-22,0620,N20,VIIRS,n,2,287.87,4.53,D,0
27.12357,89.77367,299.65,0.41,0.45,2024-01-23,2007,N20,VIIRS,n,2,274.99,0.84,N,0
27.03733,89.8866,328.61,0.39,0.36,2024-01-25,0704,N20,VIIRS,n,2,290.67,1.93,D,0
27.38929,90.04642,329.85,0.39,0.36,2024-01-25,0704,N20,VIIRS,n,2,277.68,5.8,D,0
26.87135,90.5014,327.56,0.38,0.36,2024-01-25,0704,N20,VIIRS,n,2,295.96,1.05,D,0
27.39046,90.04543,299.71,0.45,0.39,2024-01-25,1930,N20,VIIRS,n,2,272.02,1.32,N,0
26.86028,91.08842,327.34,0.45,0.47,2024-01-29,0729,N20,VIIRS,n,2,289.5,12.54,D,0
26.86076,91.09297,338.75,0.45,0.47,2024-01-29,0729,N20,VIIRS,n,2,292.74,12.54,D,0
27.34723,91.60258,338.26,0.47,0.47,2024-02-01,0633,N20,VIIRS,n,2,293.83,11.22,D,0
26.92735,91.66004,337.77,0.47,0.48,2024-02-01,0633,N20,VIIRS,n,2,290.13,7.77,D,0
26.92904,91.6618,339.49,0.47,0.48,2024-02-01,0633,N20,VIIRS,n,2,288.48,5.74,D,0
27.34613,91.60664,338.25,0.47,0.47,2024-02-01,0633,N20,VIIRS,n,2,290.83,11.02,D,0
27.30556,89.62049,352.7,0.47,0.4,2024-02-09,0723,N20,VIIRS,n,2,305.81,23.22,D,0
27.30738,89.61662,313.33,0.39,0.36,2024-02-09,1949,N20,VIIRS,n,2,272.82,1.82,N,0
27.3107,89.61715,296.72,0.39,0.36,2024-02-09,1949,N20,VIIRS,n,2,271.22,0.63,N,0
26.85804,90.44173,331.29,0.38,0.36,2024-02-10,0704,N20,VIIRS,l,2,301.84,2.85,D,0
27.69383,89.97502,329.99,0.39,0.36,2024-02-10,0704,N20,VIIRS,n,2,296.94,3.2,D,0
27.05097,89.40202,328.44,0.39,0.37,2024-02-10,0704,N20,VIIRS,n,2,292.56,2.62,D,0
26.91964,89.3082,330.2,0.4,0.37,2024-02-10,0704,N20,VIIRS,n,2,299.96,2.38,D,0
26.94336,90.94461,330.64,0.52,0.41,2024-02-11,0645,N20,VIIRS,n,2,298.07,11.67,D,0
28.06446,90.12806,329.61,0.55,0.42,2024-02-11,0646,N20,VIIRS,n,2,287.62,14.58,D,0
26.92604,90.96668,326.94,0.32,0.55,2024-02-12,0626,N20,VIIRS,n,2,289.99,1.81,D,0
27.27547,91.55218,329.51,0.57,0.69,2024-02-13,0608,N20,VIIRS,n,2,282.93,7.03,D,0
26.78279,90.93713,367,0.44,0.46,2024-02-14,0729,N20,VIIRS,h,2,301.93,23.47,D,0
26.78156,90.93445,342.23,0.44,0.46,2024-02-14,0729,N20,VIIRS,n,2,301.49,16.99,D,0
26.78202,90.93894,367,0.44,0.46,2024-02-14,0729,N20,VIIRS,h,2,304.26,16.99,D,0
26.76961,90.73836,329.27,0.43,0.46,2024-02-14,0729,N20,VIIRS,n,2,298.87,2.98,D,0
26.77854,90.93781,328.31,0.44,0.46,2024-02-14,0729,N20,VIIRS,n,2,299.09,3.26,D,0
26.78329,90.94159,342.59,0.44,0.46,2024-02-14,0729,N20,VIIRS,n,2,301.89,8.15,D,0
26.83078,90.4922,338.63,0.39,0.37,2024-02-15,0710,N20,VIIRS,n,2,299.43,3.28,D,0
27.03529,90.79301,337.76,0.4,0.37,2024-02-15,0710,N20,VIIRS,n,2,295.24,25.83,D,0
26.94044,89.38828,332.1,0.38,0.36,2024-02-15,0710,N20,VIIRS,n,2,289.34,4.97,D,0
27.39175,90.52628,326.95,0.4,0.37,2024-02-15,0710,N20,VIIRS,n,2,294.42,2.08,D,0
26.82889,90.51191,327.22,0.46,0.39,2024-02-16,0651,N20,VIIRS,l,2,301.23,2.27,D,0
26.8279,90.51414,331.35,0.46,0.39,2024-02-16,0651,N20,VIIRS,n,2,303.59,3.17,D,0
27.22156,89.87716,343.84,0.48,0.4,2024-02-16,0652,N20,VIIRS,n,2,294.1,18.36,D,0
27.2244,89.87203,350.05,0.48,0.4,2024-02-16,0652,N20,VIIRS,n,2,302.68,39.36,D,0
27.2281,89.8716,353.97,0.48,0.4,2024-02-16,0652,N20,VIIRS,n,2,310.97,39.36,D,0
27.30435,91.87543,340.26,0.41,0.37,2024-02-16,0652,N20,VIIRS,n,2,297.39,5.09,D,0
26.99177,89.41062,330.81,0.51,0.41,2024-02-16,0652,N20,VIIRS,n,2,292.31,4.78,D,0
27.22716,89.86637,286.96,0.48,0.4,2024-02-16,0652,N20,VIIRS,l,2,295.65,37.23,D,0
27.60645,89.93797,326.59,0.48,0.4,2024-02-16,0652,N20,VIIRS,n,2,297.64,3.15,D,0
26.81942,91.07204,329.02,0.46,0.39,2024-02-20,0717,N20,VIIRS,n,2,296.38,3.44,D,0
26.91943,91.69025,331.25,0.49,0.4,2024-02-20,0717,N20,VIIRS,n,2,288.84,3.76,D,0
26.78271,90.95071,333.16,0.41,0.6,2024-02-23,0620,N20,VIIRS,n,2,294.49,6.17,D,0
27.34197,89.9268,349.29,0.61,0.53,2024-02-24,0742,N20,VIIRS,n,2,296.05,13.96,D,0
26.89644,91.94042,338.93,0.4,0.6,2024-02-24,0742,N20,VIIRS,n,2,297.16,3.08,D,0
26.78097,90.95218,329.21,0.35,0.56,2024-02-24,0742,N20,VIIRS,l,2,302.71,3.86,D,0
26.85769,90.44496,335.47,0.32,0.55,2024-02-24,0742,N20,VIIRS,n,2,303.75,3.54,D,0
26.86786,90.50072,333.33,0.33,0.55,2024-02-24,0742,N20,VIIRS,n,2,298.94,7.37,D,0
26.86756,90.49741,354.7,0.33,0.55,2024-02-24,0742,N20,VIIRS,n,2,301.94,10.46,D,0
26.89575,91.94048,336.03,0.4,0.6,2024-02-24,0742,N20,VIIRS,n,2,296.41,3.69,D,0
27.34156,89.92229,327.88,0.61,0.53,2024-02-24,0742,N20,VIIRS,n,2,296.18,8.4,D,0
27.34116,89.92023,309.53,0.42,0.45,2024-02-24,2008,N20,VIIRS,n,2,281.55,2.46,N,0
27.34523,89.92124,300.14,0.42,0.45,2024-02-24,2008,N20,VIIRS,n,2,280.34,1.07,N,0
26.97525,88.86157,328.07,0.44,0.38,2024-02-25,0723,N20,VIIRS,n,2,297.55,1.87,D,0
26.7841,90.94598,333.11,0.54,0.42,2024-02-25,0723,N20,VIIRS,n,2,300.22,3.92,D,0
26.96625,91.63754,339.82,0.4,0.44,2024-02-25,0723,N20,VIIRS,n,2,291.84,8.01,D,0
26.86194,89.26021,330.42,0.45,0.39,2024-02-25,0723,N20,VIIRS,n,2,292.62,3.61,D,0
26.83937,90.50377,333.24,0.51,0.41,2024-02-25,0723,N20,VIIRS,n,2,300.69,3.06,D,0
27.34153,89.92175,344.1,0.49,0.4,2024-02-25,0723,N20,VIIRS,n,2,301.23,6.68,D,0
26.82445,90.49237,331.59,0.38,0.36,2024-02-26,0704,N20,VIIRS,n,2,300.65,1.56,D,0
26.70335,89.76456,339.27,0.39,0.36,2024-02-26,0704,N20,VIIRS,n,2,302.59,3.58,D,0
26.76981,90.73573,334.08,0.38,0.36,2024-02-26,0704,N20,VIIRS,n,2,295.45,3.66,D,0
27.02288,89.42088,327.45,0.39,0.37,2024-02-26,0704,N20,VIIRS,n,2,280.19,2.26,D,0
26.70866,89.74745,295.88,0.46,0.39,2024-02-26,1930,N20,VIIRS,n,2,269.56,0.78,N,0
26.71223,89.74805,302.77,0.46,0.39,2024-02-26,1930,N20,VIIRS,n,2,268.88,0.78,N,0
26.79494,89.70894,327.03,0.4,0.44,2024-02-27,0645,N20,VIIRS,n,2,291.81,1.78,D,0
26.99297,88.86189,339.37,0.45,0.47,2024-02-27,0645,N20,VIIRS,n,2,294.1,5.11,D,0
27.20651,89.48602,331.18,0.41,0.45,2024-02-27,0645,N20,VIIRS,n,2,288.63,4.77,D,0
26.87605,91.8906,338.11,0.47,0.4,2024-02-27,0645,N20,VIIRS,n,2,302.52,7.58,D,0
26.86072,90.44234,335.29,0.55,0.43,2024-02-27,0645,N20,VIIRS,n,2,303.46,11.32,D,0
26.76992,90.74281,332.13,0.53,0.42,2024-02-27,0645,N20,VIIRS,n,2,303.07,5.08,D,0
26.86856,90.43856,333.67,0.35,0.57,2024-02-28,0626,N20,VIIRS,n,2,294.37,2.81,D,0
26.96321,88.8623,333.83,0.43,0.62,2024-02-28,0627,N20,VIIRS,n,2,292.92,4.54,D,0
26.95946,88.8614,331.84,0.43,0.62,2024-02-28,0627,N20,VIIRS,n,2,293.04,4.01,D,0
26.85249,90.44445,342.62,0.41,0.45,2024-03-01,0729,N20,VIIRS,n,2,302.94,9.11,D,0
26.85794,90.49498,340.2,0.42,0.45,2024-03-01,0729,N20,VIIRS,n,2,299.73,5.01,D,0
26.84817,90.5218,345.01,0.42,0.45,2024-03-01,0729,N20,VIIRS,n,2,292.49,5.84,D,0
26.84619,90.52101,340.65,0.42,0.45,2024-03-01,0729,N20,VIIRS,n,2,296.76,3.54,D,0
26.94911,89.23813,332.42,0.38,0.36,2024-03-02,0710,N20,VIIRS,n,2,293.27,4.29,D,0
26.83499,90.49165,333.54,0.39,0.37,2024-03-02,0710,N20,VIIRS,l,2,303.63,3,D,0
26.82775,90.48889,330.86,0.39,0.37,2024-03-02,0710,N20,VIIRS,l,2,303.73,0.76,D,0
27.6007,90.39096,326.08,0.53,0.67,2024-03-05,0614,N20,VIIRS,n,2,286.56,4.34,D,0
27.38434,90.52142,330.2,0.52,0.67,2024-03-05,0755,N20,VIIRS,n,2,290.91,4.02,D,0
27.67292,89.91675,333.44,0.48,0.65,2024-03-05,0755,N20,VIIRS,n,2,279.92,3.7,D,0
27.38369,90.52312,334.16,0.52,0.67,2024-03-05,0755,N20,VIIRS,n,2,291.96,4.98,D,0
26.99428,91.33912,332.83,0.59,0.53,2024-03-06,0735,N20,VIIRS,n,2,291.43,4.1,D,0
26.99075,91.34108,330.36,0.59,0.53,2024-03-06,0735,N20,VIIRS,n,2,292.99,5.92,D,0
27.32054,89.76476,345.45,0.42,0.37,2024-03-07,0717,N20,VIIRS,n,2,287.38,18.12,D,0
27.69011,90.63871,337.24,0.45,0.39,2024-03-07,0717,N20,VIIRS,n,2,296.36,10.58,D,0
26.93225,90.90031,332.25,0.45,0.39,2024-03-07,0717,N20,VIIRS,n,2,298.19,3.69,D,0
27.2509,91.41986,298.41,0.39,0.37,2024-03-07,1942,N20,VIIRS,n,2,277.11,1.68,N,0
27.25422,91.42056,295.77,0.39,0.37,2024-03-07,1942,N20,VIIRS,n,2,274.39,0.77,N,0
27.2459,91.42276,343.36,0.39,0.36,2024-03-08,0658,N20,VIIRS,n,2,304.57,8.83,D,0
26.83634,90.47884,334.13,0.41,0.37,2024-03-08,0658,N20,VIIRS,n,2,300.91,3.1,D,0
26.8687,90.48483,340.02,0.41,0.37,2024-03-08,0658,N20,VIIRS,n,2,299.68,3.17,D,0
27.24391,91.43162,332.51,0.39,0.36,2024-03-08,0658,N20,VIIRS,n,2,297.63,3.11,D,0
27.24327,91.4276,356.34,0.39,0.36,2024-03-08,0658,N20,VIIRS,n,2,306.88,8.83,D,0
27.25047,91.43012,335.64,0.39,0.36,2024-03-08,0658,N20,VIIRS,n,2,297.1,12.59,D,0
27.24855,91.41798,334.64,0.39,0.36,2024-03-08,0658,N20,VIIRS,n,2,303.5,4.11,D,0
27.25436,91.43326,345.64,0.39,0.36,2024-03-08,0658,N20,VIIRS,n,2,304.21,12.59,D,0
27.25184,91.41729,337.76,0.39,0.36,2024-03-08,0658,N20,VIIRS,n,2,302.97,4.11,D,0
27.25639,91.42458,337.35,0.39,0.36,2024-03-08,0658,N20,VIIRS,n,2,298.54,2.66,D,0
27.25577,91.42061,344.92,0.39,0.36,2024-03-08,0658,N20,VIIRS,n,2,299.87,2.66,D,0
27.26029,91.42771,337.13,0.39,0.36,2024-03-08,0658,N20,VIIRS,n,2,298.24,6.81,D,0
27.25967,91.42376,328.59,0.39,0.36,2024-03-08,0658,N20,VIIRS,n,2,298.41,2.66,D,0
27.04726,89.39852,332.3,0.44,0.38,2024-03-08,0658,N20,VIIRS,n,2,293.25,4.52,D,0
27.43455,90.46129,325.21,0.4,0.37,2024-03-08,0658,N20,VIIRS,l,2,295.36,5.04,D,0
27.43791,90.46065,341.41,0.4,0.37,2024-03-08,0658,N20,VIIRS,n,2,299.52,5.04,D,0
27.44065,90.45629,333.42,0.4,0.37,2024-03-08,0658,N20,VIIRS,n,2,300.44,5,D,0
26.93958,89.24361,338,0.53,0.5,2024-03-09,0639,N20,VIIRS,n,2,289.53,13.96,D,0
26.86544,90.55276,329.47,0.65,0.73,2024-03-10,0801,N20,VIIRS,n,2,295.5,3.85,D,0
26.79405,90.89323,367,0.68,0.74,2024-03-10,0801,N20,VIIRS,h,2,293.85,20.34,D,0
26.79364,90.886,333.76,0.68,0.74,2024-03-10,0801,N20,VIIRS,n,2,293.93,15.51,D,0
26.79496,90.88983,367,0.68,0.74,2024-03-10,0801,N20,VIIRS,h,2,295.56,26.93,D,0
27.27698,90.01335,311.54,0.68,0.74,2024-03-10,1846,N20,VIIRS,n,2,283.58,4.7,N,0
27.27752,90.0032,297.04,0.68,0.74,2024-03-10,1846,N20,VIIRS,n,2,282.92,8.15,N,0
27.27066,90.00322,354.83,0.68,0.74,2024-03-10,1846,N20,VIIRS,n,2,285.13,12.79,N,0
27.26888,90.01349,299.64,0.68,0.74,2024-03-10,1846,N20,VIIRS,n,2,283.4,2.44,N,0
27.26914,90.00906,302.06,0.68,0.74,2024-03-10,1846,N20,VIIRS,n,2,282.71,6.54,N,0
27.2699,89.9959,315.93,0.68,0.74,2024-03-10,1846,N20,VIIRS,n,2,282.59,10.43,N,0
27.26939,90.00469,329.73,0.68,0.74,2024-03-10,1846,N20,VIIRS,n,2,283.78,6.54,N,0
27.26964,90.00038,351.22,0.68,0.74,2024-03-10,1846,N20,VIIRS,n,2,284.28,10.43,N,0
27.27488,90.02856,302.26,0.68,0.74,2024-03-10,1846,N20,VIIRS,n,2,283.7,2.82,N,0
27.27631,90.02626,300.52,0.68,0.74,2024-03-10,1846,N20,VIIRS,n,2,283.48,2.51,N,0
27.27091,89.99849,332,0.68,0.74,2024-03-10,1846,N20,VIIRS,n,2,283.54,12.79,N,0
27.26244,90.0061,313.67,0.68,0.74,2024-03-10,1846,N20,VIIRS,n,2,282.52,6.54,N,0
27.27647,90.00103,295.61,0.68,0.74,2024-03-10,1846,N20,VIIRS,n,2,282.31,2.29,N,0
27.28246,90.01631,300.57,0.68,0.74,2024-03-10,1846,N20,VIIRS,n,2,283.35,2.2,N,0
27.2829,90.00882,298.48,0.68,0.74,2024-03-10,1846,N20,VIIRS,n,2,282.95,2.2,N,0
27.26345,90.00952,313.79,0.68,0.74,2024-03-10,1846,N20,VIIRS,n,2,283.43,3.29,N,0
27.26369,90.00483,314.16,0.68,0.74,2024-03-10,1846,N20,VIIRS,n,2,282.92,3.29,N,0
27.27113,89.99432,305.43,0.68,0.74,2024-03-10,1846,N20,VIIRS,n,2,282.11,4.29,N,0
27.26216,90.01096,297.47,0.68,0.74,2024-03-10,1846,N20,VIIRS,n,2,282.75,2.44,N,0
27.27417,90.01613,298.33,0.41,0.6,2024-03-10,2026,N20,VIIRS,n,2,283.51,1.43,N,0
27.26711,89.99751,316.25,0.41,0.6,2024-03-10,2026,N20,VIIRS,n,2,282.97,2.7,N,0
27.28099,90.01175,295.47,0.41,0.6,2024-03-10,2026,N20,VIIRS,n,2,283.59,0.64,N,0
27.27525,90.01164,305.69,0.41,0.6,2024-03-10,2026,N20,VIIRS,n,2,284.17,1.43,N,0
27.26517,90.00555,324.07,0.41,0.6,2024-03-10,2026,N20,VIIRS,n,2,284.57,3.84,N,0
27.27631,90.00723,307.04,0.41,0.6,2024-03-10,2026,N20,VIIRS,n,2,283.02,1.82,N,0
27.22701,90.93317,340.88,0.78,0.78,2024-03-11,0601,N20,VIIRS,n,2,289.4,9.99,D,0
27.22554,90.93449,333.35,0.77,0.78,2024-03-11,0602,N20,VIIRS,n,2,287.59,11.55,D,0
27.67661,89.90115,332.97,0.61,0.53,2024-03-11,0742,N20,VIIRS,n,2,289,3.49,D,0
26.87924,91.92631,331.48,0.4,0.6,2024-03-11,0742,N20,VIIRS,n,2,297.47,3.77,D,0
26.86026,90.44115,338.77,0.32,0.55,2024-03-11,0742,N20,VIIRS,n,2,300.77,3.25,D,0
26.99338,91.60873,367,0.38,0.59,2024-03-11,0742,N20,VIIRS,h,2,292.54,7.43,D,0
26.98814,91.14948,333.05,0.36,0.57,2024-03-11,0742,N20,VIIRS,n,2,296.23,2.4,D,0
27.25622,90.00983,328.29,0.61,0.54,2024-03-11,0742,N20,VIIRS,n,2,296.14,5.08,D,0
27.2612,90.00983,348.59,0.61,0.54,2024-03-11,0742,N20,VIIRS,n,2,303.25,17.91,D,0
27.26045,90.00201,348.5,0.61,0.53,2024-03-11,0742,N20,VIIRS,n,2,300.3,17.91,D,0
27.25965,89.99373,332.59,0.61,0.53,2024-03-11,0742,N20,VIIRS,n,2,297.11,9.67,D,0
27.15242,88.86348,333.98,0.52,0.5,2024-03-11,0742,N20,VIIRS,n,2,295.96,4.85,D,0
27.25774,90.00775,348.06,0.61,0.54,2024-03-11,0742,N20,VIIRS,n,2,299.83,8.25,D,0
27.25713,90.00075,340.69,0.61,0.54,2024-03-11,0742,N20,VIIRS,n,2,297.9,11.31,D,0
27.15273,88.86527,335.47,0.52,0.5,2024-03-11,0742,N20,VIIRS,n,2,295.61,3.96,D,0
27.2633,90.01432,336.34,0.61,0.54,2024-03-11,0742,N20,VIIRS,n,2,301.89,8.25,D,0
27.26264,90.00683,331.26,0.61,0.54,2024-03-11,0742,N20,VIIRS,l,2,301.93,8.25,D,0
27.26189,89.99834,343.32,0.61,0.54,2024-03-11,0742,N20,VIIRS,n,2,298.15,11.31,D,0
27.27757,90.0068,335.71,0.61,0.54,2024-03-11,0742,N20,VIIRS,n,2,294.75,7.12,D,0
27.4344,90.46855,326.35,0.33,0.55,2024-03-11,0742,N20,VIIRS,n,2,291.17,2.34,D,0
27.67396,89.90537,334.98,0.61,0.53,2024-03-11,0742,N20,VIIRS,n,2,293.68,6.24,D,0
27.2594,89.99232,305.84,0.42,0.45,2024-03-11,2008,N20,VIIRS,n,2,284.53,2.19,N,0
27.25834,89.99762,298.43,0.42,0.45,2024-03-11,2008,N20,VIIRS,n,2,284.48,0.87,N,0
27.25618,89.98705,321.88,0.42,0.45,2024-03-11,2008,N20,VIIRS,n,2,284.26,4.87,N,0
27.25513,89.99225,345.55,0.42,0.45,2024-03-11,2008,N20,VIIRS,n,2,286.49,4.87,N,0
27.25414,89.99716,302.72,0.42,0.45,2024-03-11,2008,N20,VIIRS,n,2,284.94,2.04,N,0
27.26567,89.98248,302.53,0.42,0.45,2024-03-11,2008,N20,VIIRS,n,2,282.79,1.28,N,0
27.26476,89.98697,296.8,0.42,0.45,2024-03-11,2008,N20,VIIRS,n,2,283.26,2.19,N,0
27.26149,90.00333,296.7,0.42,0.45,2024-03-11,2008,N20,VIIRS,n,2,284.98,0.87,N,0
27.26044,89.98714,336.33,0.42,0.45,2024-03-11,2008,N20,VIIRS,n,2,286.78,2.19,N,0
27.26137,89.98254,297,0.42,0.45,2024-03-11,2008,N20,VIIRS,n,2,283.06,1.28,N,0
27.25464,89.98712,338.8,0.49,0.4,2024-03-12,0723,N20,VIIRS,n,2,296.66,5.45,D,0
27.26547,89.98365,333.99,0.49,0.4,2024-03-12,0723,N20,VIIRS,n,2,294.12,4.83,D,0
27.26186,89.98484,338.01,0.49,0.4,2024-03-12,0723,N20,VIIRS,n,2,296.25,4.72,D,0
27.25825,89.98594,332.29,0.49,0.4,2024-03-12,0723,N20,VIIRS,n,2,296.49,4.72,D,0
26.89261,91.9202,353.62,0.41,0.45,2024-03-12,0723,N20,VIIRS,n,2,299.13,8.7,D,0
26.95866,89.85335,331.12,0.48,0.4,2024-03-12,0723,N20,VIIRS,n,2,292.55,4.05,D,0
26.86533,91.98871,298.18,0.46,0.39,2024-03-12,1949,N20,VIIRS,n,2,287.95,0.89,N,0
26.86089,91.99266,306.56,0.46,0.39,2024-03-12,1949,N20,VIIRS,n,2,288.77,0.89,N,0
26.86003,91.9973,323.78,0.46,0.39,2024-03-12,1949,N20,VIIRS,n,2,289.09,2.58,N,0
26.86448,91.99335,306.64,0.46,0.39,2024-03-12,1949,N20,VIIRS,n,2,288.28,0.89,N,0
26.95329,88.85771,306.33,0.38,0.36,2024-03-12,1949,N20,VIIRS,n,2,289.61,0.68,N,0
26.85689,90.52273,332.46,0.38,0.36,2024-03-13,0704,N20,VIIRS,n,2,301.12,1,D,0
26.86158,91.99147,342.27,0.39,0.36,2024-03-13,0704,N20,VIIRS,n,2,298.54,6.7,D,0
27.51926,89.88258,331.99,0.39,0.36,2024-03-13,0704,N20,VIIRS,n,2,294.94,2.74,D,0
27.03171,89.23945,339.7,0.4,0.37,2024-03-13,0704,N20,VIIRS,n,2,298.03,4.27,D,0
27.29375,91.41277,311.98,0.41,0.37,2024-03-13,1930,N20,VIIRS,n,2,281.86,2.85,N,0
27.29038,91.41215,296.53,0.41,0.37,2024-03-13,1930,N20,VIIRS,n,2,281.81,1.49,N,0
27.29322,91.41647,310.48,0.41,0.37,2024-03-13,1930,N20,VIIRS,n,2,279.19,1.92,N,0
27.28355,91.41148,355.89,0.49,0.4,2024-03-14,0645,N20,VIIRS,n,2,295.47,8.66,D,0
27.29247,91.41871,342.21,0.49,0.4,2024-03-14,0645,N20,VIIRS,n,2,296.47,8.3,D,0
27.29468,91.41002,345.24,0.49,0.4,2024-03-14,0645,N20,VIIRS,n,2,294.33,10.42,D,0
27.03406,90.02856,329.96,0.39,0.44,2024-03-14,0645,N20,VIIRS,n,2,294.83,2.09,D,0
26.90603,90.46045,330.34,0.55,0.43,2024-03-14,0645,N20,VIIRS,l,2,304.22,4.31,D,0
26.91833,89.54674,329.63,0.41,0.45,2024-03-14,0645,N20,VIIRS,n,2,293.9,2.33,D,0
27.28436,91.41586,341.65,0.49,0.4,2024-03-14,0645,N20,VIIRS,n,2,293.29,8.66,D,0
27.28806,91.41537,347.04,0.49,0.4,2024-03-14,0645,N20,VIIRS,n,2,295.71,11.89,D,0
27.28179,91.40705,304.86,0.45,0.47,2024-03-14,1911,N20,VIIRS,n,2,281.7,0.98,N,0
27.44477,89.38058,336.91,0.6,0.53,2024-03-14,1911,N20,VIIRS,n,2,277.73,7.16,N,0
27.25018,91.45712,317.84,0.45,0.47,2024-03-14,1911,N20,VIIRS,n,2,285.2,2.54,N,0
27.25453,91.45709,318.1,0.45,0.47,2024-03-14,1911,N20,VIIRS,n,2,285.65,2.54,N,0
27.25497,91.45312,295.64,0.45,0.47,2024-03-14,1911,N20,VIIRS,n,2,283.79,1.6,N,0
27.2812,91.41241,295.63,0.45,0.47,2024-03-14,1911,N20,VIIRS,n,2,276.98,0.98,N,0
27.28936,91.4175,304.49,0.45,0.47,2024-03-14,1911,N20,VIIRS,n,2,279.48,1.33,N,0
27.27918,91.4199,339.62,0.6,0.53,2024-03-15,0626,N20,VIIRS,n,2,297.7,12.01,D,0
27.27819,91.41544,350.36,0.6,0.53,2024-03-15,0626,N20,VIIRS,n,2,299.16,12.01,D,0
27.27678,91.40915,327.02,0.6,0.53,2024-03-15,0626,N20,VIIRS,n,2,296.14,6.11,D,0
27.2851,91.42378,330.95,0.6,0.53,2024-03-15,0626,N20,VIIRS,n,2,297.05,4.74,D,0
27.3007,91.40318,330.89,0.6,0.53,2024-03-15,0626,N20,VIIRS,n,2,291.73,11.67,D,0
27.29553,91.40263,341.93,0.6,0.53,2024-03-15,0626,N20,VIIRS,n,2,294.51,11.67,D,0
27.25492,91.46635,328.42,0.6,0.53,2024-03-15,0626,N20,VIIRS,n,2,294.62,4.93,D,0
27.25341,91.45947,330.75,0.6,0.53,2024-03-15,0626,N20,VIIRS,n,2,296.31,6.45,D,0
27.26464,91.44169,336,0.6,0.53,2024-03-15,0626,N20,VIIRS,n,2,294.55,10.67,D,0
27.26339,91.43596,338.95,0.6,0.53,2024-03-15,0626,N20,VIIRS,n,2,299.41,10.67,D,0
27.27406,91.41553,354.38,0.6,0.53,2024-03-15,0626,N20,VIIRS,n,2,297.25,9.77,D,0
27.27284,91.40991,345.44,0.6,0.53,2024-03-15,0626,N20,VIIRS,n,2,297.41,9.77,D,0
27.28022,91.42068,331.71,0.6,0.53,2024-03-15,0626,N20,VIIRS,n,2,297,4.31,D,0
27.27926,91.41626,331.15,0.6,0.53,2024-03-15,0626,N20,VIIRS,n,2,296.87,8.11,D,0
27.28608,91.42443,331.27,0.6,0.53,2024-03-15,0626,N20,VIIRS,n,2,297.39,4.31,D,0
27.28513,91.42007,328,0.6,0.53,2024-03-15,0626,N20,VIIRS,n,2,297.03,4.31,D,0
27.2968,91.40424,340.79,0.6,0.53,2024-03-15,0626,N20,VIIRS,n,2,294.99,35.21,D,0
27.4418,90.45103,342.65,0.34,0.56,2024-03-15,0627,N20,VIIRS,n,2,295.73,4.42,D,0
27.30635,91.3951,312.25,0.61,0.71,2024-03-15,2032,N20,VIIRS,n,2,281.08,2.57,N,0
27.26933,91.40316,322.97,0.61,0.71,2024-03-15,2032,N20,VIIRS,n,2,283.91,5.17,N,0
27.27509,91.43333,295.23,0.61,0.71,2024-03-15,2032,N20,VIIRS,n,2,283.09,1.48,N,0
27.2658,91.4166,295.04,0.61,0.71,2024-03-15,2032,N20,VIIRS,n,2,282.56,4.05,N,0
27.2707,91.39797,308.98,0.61,0.71,2024-03-15,2032,N20,VIIRS,n,2,283.5,5.17,N,0
27.26787,91.4087,323.67,0.61,0.71,2024-03-15,2032,N20,VIIRS,n,2,283.97,4.05,N,0
27.28699,91.39082,308.09,0.61,0.71,2024-03-15,2032,N20,VIIRS,n,2,282.53,4.1,N,0
27.29952,91.39508,307.12,0.61,0.71,2024-03-15,2032,N20,VIIRS,n,2,280.82,2.57,N,0
27.2781,91.42182,296.28,0.61,0.71,2024-03-15,2032,N20,VIIRS,n,2,281.81,1.48,N,0
27.28641,91.39018,317.9,0.61,0.71,2024-03-15,2032,N20,VIIRS,n,2,283.33,5.3,N,0
27.30493,91.39753,301.37,0.61,0.71,2024-03-15,2032,N20,VIIRS,n,2,281.08,2.79,N,0
27.30576,91.39436,314.81,0.61,0.71,2024-03-15,2032,N20,VIIRS,n,2,280.69,2.79,N,0
27.27114,91.39886,313.79,0.61,0.71,2024-03-15,2032,N20,VIIRS,n,2,284.11,3.82,N,0
27.27292,91.39227,300.36,0.61,0.71,2024-03-15,2032,N20,VIIRS,n,2,283.16,3.82,N,0
27.2683,91.40939,321.86,0.61,0.71,2024-03-15,2032,N20,VIIRS,n,2,284.11,4.9,N,0
27.26978,91.4039,322.64,0.61,0.71,2024-03-15,2032,N20,VIIRS,n,2,284.11,4.9,N,0
27.27028,91.42747,295.45,0.61,0.71,2024-03-15,2032,N20,VIIRS,n,2,281.79,2.39,N,0
27.28106,91.38742,298.74,0.61,0.71,2024-03-15,2032,N20,VIIRS,n,2,283.13,3.13,N,0
27.27806,91.42404,300.07,0.61,0.71,2024-03-15,2032,N20,VIIRS,n,2,282.16,2.86,N,0
26.73681,89.60763,305.78,0.49,0.65,2024-03-15,2033,N20,VIIRS,n,2,288.37,1.66,N,0
27.26516,91.41992,348.09,0.58,0.7,2024-03-16,0608,N20,VIIRS,n,2,293.33,16.3,D,0
27.26361,91.41384,350.1,0.58,0.7,2024-03-16,0608,N20,VIIRS,n,2,292.03,17.94,D,0
27.26687,91.41566,367,0.58,0.7,2024-03-16,0608,N20,VIIRS,h,2,297.59,20.9,D,0
27.26803,91.42006,334.7,0.58,0.7,2024-03-16,0608,N20,VIIRS,n,2,294.6,13.26,D,0
26.81964,90.54404,367,0.41,0.61,2024-03-16,0748,N20,VIIRS,h,2,302.37,16.96,D,0
26.79742,89.44312,336.12,0.35,0.57,2024-03-16,0748,N20,VIIRS,n,2,302.04,1.49,D,0
26.7527,89.63907,302.32,0.51,0.49,2024-03-16,2014,N20,VIIRS,n,2,289.07,1.39,N,0
26.85541,90.2566,338.77,0.4,0.44,2024-03-17,0729,N20,VIIRS,n,2,306.01,7.05,D,0
26.78933,90.83001,367,0.43,0.46,2024-03-17,0729,N20,VIIRS,h,2,306.74,8.33,D,0
26.85585,90.26056,340.34,0.4,0.44,2024-03-17,0729,N20,VIIRS,n,2,300.22,7.05,D,0
26.78514,90.83084,337.68,0.43,0.46,2024-03-17,0729,N20,VIIRS,n,2,310.95,8.33,D,0
26.85552,91.89545,336.86,0.5,0.49,2024-03-17,0729,N20,VIIRS,n,2,305.8,4.83,D,0
26.88774,91.94131,331.07,0.51,0.49,2024-03-17,0729,N20,VIIRS,l,2,301.8,3.22,D,0
26.88232,91.84573,344.29,0.5,0.49,2024-03-17,0729,N20,VIIRS,n,2,310.25,18.64,D,0
26.88915,91.94304,330.12,0.51,0.49,2024-03-17,0729,N20,VIIRS,l,2,300.9,5.79,D,0
26.7856,90.83521,337.39,0.43,0.46,2024-03-17,0729,N20,VIIRS,n,2,302.19,5.14,D,0
26.78047,90.82719,337.2,0.43,0.46,2024-03-17,0729,N20,VIIRS,n,2,307.11,7.55,D,0
26.8839,91.84247,341.82,0.5,0.49,2024-03-17,0729,N20,VIIRS,n,2,302.75,7.92,D,0
26.78094,90.83156,367,0.43,0.46,2024-03-17,0729,N20,VIIRS,h,2,311.03,7.55,D,0
26.91121,91.93419,339.63,0.51,0.49,2024-03-17,0729,N20,VIIRS,n,2,296.55,4.39,D,0
26.8794,91.84311,342.5,0.5,0.49,2024-03-17,0729,N20,VIIRS,n,2,306.13,7.92,D,0
27.62219,89.30007,331.93,0.55,0.42,2024-03-17,0729,N20,VIIRS,l,2,305.07,5.13,D,0
27.60433,91.25044,340.88,0.47,0.48,2024-03-17,0729,N20,VIIRS,n,2,295.71,12.46,D,0
26.75536,89.63247,310.04,0.43,0.38,2024-03-17,1955,N20,VIIRS,n,2,290.86,1.83,N,0
26.78755,91.3012,306.44,0.51,0.41,2024-03-17,1955,N20,VIIRS,n,2,292.03,0.9,N,0
26.78467,91.29585,303.24,0.51,0.41,2024-03-17,1955,N20,VIIRS,n,2,291.31,0.9,N,0
26.82725,91.63033,301.52,0.53,0.42,2024-03-17,1955,N20,VIIRS,n,2,290.56,0.56,N,0
26.8696,90.2598,300.87,0.46,0.39,2024-03-17,1955,N20,VIIRS,n,2,289.23,0.33,N,0
26.72505,89.60078,309.56,0.43,0.38,2024-03-17,1955,N20,VIIRS,n,2,291.41,1.44,N,0
27.62651,89.3037,337.57,0.38,0.36,2024-03-18,0710,N20,VIIRS,l,2,309.94,28.53,D,0
26.87544,91.98577,354.33,0.43,0.38,2024-03-18,0710,N20,VIIRS,n,2,298.39,6.96,D,0
26.8357,91.56702,333.27,0.42,0.38,2024-03-18,0710,N20,VIIRS,n,2,298.4,3.38,D,0
26.7284,89.61475,330.78,0.38,0.36,2024-03-18,0710,N20,VIIRS,n,2,294.66,1.73,D,0
26.86072,90.49422,338.28,0.39,0.36,2024-03-18,0710,N20,VIIRS,n,2,309.38,17.98,D,0
26.86405,90.49363,345.43,0.39,0.36,2024-03-18,0710,N20,VIIRS,n,2,297.17,17.98,D,0
26.92215,89.7286,332.7,0.39,0.36,2024-03-18,0710,N20,VIIRS,n,2,294.83,2.29,D,0
26.92112,89.56296,326.72,0.38,0.36,2024-03-18,0710,N20,VIIRS,n,2,295.21,2.4,D,0
27.31054,91.2316,334.61,0.41,0.37,2024-03-18,0710,N20,VIIRS,n,2,297.52,4.12,D,0
27.05018,89.40536,326.21,0.38,0.36,2024-03-18,0710,N20,VIIRS,n,2,297.56,1.96,D,0
27.72442,89.99155,336.69,0.39,0.36,2024-03-18,0710,N20,VIIRS,n,2,281.09,4.75,D,0
27.62324,89.30437,348.39,0.38,0.36,2024-03-18,0710,N20,VIIRS,n,2,293.19,28.53,D,0
27.62266,89.30053,330.04,0.38,0.36,2024-03-18,0710,N20,VIIRS,n,2,293.69,6.8,D,0
27.62977,89.30304,345.75,0.38,0.36,2024-03-18,0710,N20,VIIRS,n,2,292.05,14.98,D,0
26.73907,89.61367,302.35,0.41,0.37,2024-03-18,1936,N20,VIIRS,n,2,291.72,0.73,N,0
26.75915,89.6432,299.84,0.41,0.37,2024-03-18,1936,N20,VIIRS,n,2,289.81,0.69,N,0
26.73513,89.61693,307.51,0.41,0.37,2024-03-18,1936,N20,VIIRS,n,2,292.91,0.73,N,0
27.00543,88.85345,308.46,0.43,0.38,2024-03-18,1936,N20,VIIRS,n,2,291.32,1.2,N,0
26.87629,91.98111,309.63,0.38,0.36,2024-03-18,1936,N20,VIIRS,n,2,287.57,0.7,N,0
26.8769,91.97729,299.08,0.38,0.36,2024-03-18,1936,N20,VIIRS,n,2,285.45,0.7,N,0
26.87957,91.98176,304.37,0.38,0.36,2024-03-18,1936,N20,VIIRS,n,2,287.81,0.78,N,0
26.88225,91.98621,310.54,0.38,0.36,2024-03-18,1936,N20,VIIRS,n,2,289.02,1.41,N,0
27.62514,89.30628,306.92,0.42,0.38,2024-03-18,1936,N20,VIIRS,n,2,271.32,1.72,N,0
26.85393,90.52739,332.39,0.46,0.39,2024-03-19,0651,N20,VIIRS,n,2,301.86,4.12,D,0
26.73619,89.6235,331.34,0.51,0.41,2024-03-19,0651,N20,VIIRS,n,2,296.66,3.84,D,0
26.73527,89.61847,329.89,0.51,0.41,2024-03-19,0651,N20,VIIRS,l,2,300.1,5.39,D,0
26.87416,90.21783,327.58,0.48,0.4,2024-03-19,0651,N20,VIIRS,n,2,295.96,3.46,D,0
26.8733,90.21316,328.47,0.48,0.4,2024-03-19,0651,N20,VIIRS,n,2,293.23,3.46,D,0
27.22689,91.41198,352.75,0.42,0.38,2024-03-19,0651,N20,VIIRS,n,2,298.78,10.74,D,0
27.22609,91.4073,325.31,0.42,0.38,2024-03-19,0651,N20,VIIRS,l,2,298.14,2.64,D,0
27.23112,91.41598,341.3,0.42,0.38,2024-03-19,0651,N20,VIIRS,n,2,292.88,5.36,D,0
27.23032,91.41129,338.49,0.42,0.38,2024-03-19,0651,N20,VIIRS,n,2,293.3,5.36,D,0
27.22951,91.40655,348.92,0.42,0.38,2024-03-19,0651,N20,VIIRS,n,2,308.52,22.36,D,0
27.23369,91.41028,330.73,0.42,0.38,2024-03-19,0651,N20,VIIRS,n,2,294.26,5.36,D,0
27.2329,91.40561,348.59,0.42,0.38,2024-03-19,0651,N20,VIIRS,n,2,296.6,22.36,D,0
27.23784,91.4138,341.15,0.42,0.38,2024-03-19,0651,N20,VIIRS,n,2,294.32,7.54,D,0
27.23707,91.40926,346.49,0.42,0.38,2024-03-19,0651,N20,VIIRS,n,2,299.07,7.54,D,0
27.24643,91.40172,348.63,0.42,0.38,2024-03-19,0651,N20,VIIRS,n,2,302.58,7.61,D,0
27.24576,91.39778,355.72,0.42,0.38,2024-03-19,0651,N20,VIIRS,n,2,304.6,7.61,D,0
27.2451,91.3939,352.97,0.42,0.38,2024-03-19,0651,N20,VIIRS,n,2,303.35,7.15,D,0
27.24444,91.39006,339.17,0.42,0.38,2024-03-19,0651,N20,VIIRS,n,2,302.35,7.15,D,0
27.24317,91.38264,345.46,0.42,0.38,2024-03-19,0651,N20,VIIRS,n,2,300.46,6.46,D,0
27.24254,91.37897,344.57,0.42,0.38,2024-03-19,0651,N20,VIIRS,n,2,302.38,12.03,D,0
27.25058,91.40522,367,0.42,0.38,2024-03-19,0651,N20,VIIRS,h,2,306.95,5.97,D,0
27.2513,91.40943,332.75,0.42,0.38,2024-03-19,0651,N20,VIIRS,n,2,300.72,5.97,D,0
27.2499,91.40124,340.79,0.42,0.38,2024-03-19,0651,N20,VIIRS,n,2,305.06,8.7,D,0
27.24666,91.38233,353.03,0.42,0.38,2024-03-19,0651,N20,VIIRS,n,2,303.6,8.31,D,0
27.24603,91.37866,348.83,0.42,0.38,2024-03-19,0651,N20,VIIRS,n,2,316.32,37.4,D,0
27.24538,91.37486,330.78,0.42,0.38,2024-03-19,0651,N20,VIIRS,l,2,304.34,37.4,D,0
27.25402,91.40459,343.74,0.42,0.38,2024-03-19,0651,N20,VIIRS,n,2,302.96,5.97,D,0
27.25015,91.38197,331.88,0.42,0.38,2024-03-19,0651,N20,VIIRS,n,2,300.16,8.31,D,0
27.25745,91.4039,328.94,0.42,0.38,2024-03-19,0651,N20,VIIRS,n,2,298.57,2.29,D,0
27.25617,91.39643,332.63,0.42,0.38,2024-03-19,0651,N20,VIIRS,n,2,297.19,4.36,D,0
27.26022,91.39935,332.56,0.42,0.38,2024-03-19,0651,N20,VIIRS,n,2,298.41,4.36,D,0
26.87083,91.97417,303.99,0.51,0.41,2024-03-19,1917,N20,VIIRS,n,2,279.3,1.43,N,0
26.87087,91.97553,304.66,0.51,0.41,2024-03-19,1917,N20,VIIRS,n,2,278.87,1.34,N,0
27.51988,89.84953,330.96,0.39,0.36,2024-03-28,0710,N20,VIIRS,n,2,295.27,3.34,D,0
27.39486,89.01991,334.09,0.39,0.36,2024-04-02,0708,N20,VIIRS,n,2,300.62,5.26,D,0
27.39161,89.02058,330.67,0.39,0.36,2024-04-02,0708,N20,VIIRS,n,2,292.15,5.26,D,0
27.29877,89.98747,340.89,0.38,0.36,2024-04-02,0708,N20,VIIRS,n,2,300.05,25.59,D,0
27.29934,89.99126,347.42,0.38,0.36,2024-04-02,0708,N20,VIIRS,n,2,300.1,34.27,D,0
27.29552,89.9881,346.75,0.38,0.36,2024-04-02,0708,N20,VIIRS,n,2,304.49,25.59,D,0
27.29609,89.99191,355.83,0.38,0.36,2024-04-02,0708,N20,VIIRS,n,2,307.23,34.27,D,0
27.29284,89.99252,367,0.38,0.36,2024-04-02,0708,N20,VIIRS,h,2,304.33,11.81,D,0
27.2882,90.02854,340.96,0.38,0.36,2024-04-02,0708,N20,VIIRS,l,2,315.09,85.62,D,0
27.28495,90.0292,344.8,0.38,0.36,2024-04-02,0708,N20,VIIRS,n,2,304.74,16.55,D,0
27.28438,90.02541,342.24,0.38,0.36,2024-04-02,0708,N20,VIIRS,n,2,307.72,16.55,D,0
27.28113,90.02607,345.01,0.38,0.36,2024-04-02,0708,N20,VIIRS,n,2,303.12,16.55,D,0
27.28057,90.02227,344.28,0.38,0.36,2024-04-02,0708,N20,VIIRS,n,2,304.56,9.78,D,0
27.29757,89.97839,306.42,0.43,0.38,2024-04-02,1933,N20,VIIRS,n,2,287.35,1.38,N,0
27.31205,90.00191,308.07,0.43,0.38,2024-04-02,1933,N20,VIIRS,n,2,284.04,1.67,N,0
27.30811,90.00486,324.94,0.43,0.38,2024-04-02,1933,N20,VIIRS,n,2,286.19,1.67,N,0
27.30868,90.00066,306.88,0.43,0.38,2024-04-02,1933,N20,VIIRS,n,2,284.44,1.67,N,0
27.30471,90.00378,334.56,0.43,0.38,2024-04-02,1933,N20,VIIRS,n,2,286.74,3.62,N,0
27.30963,89.96812,312.92,0.43,0.38,2024-04-02,1933,N20,VIIRS,n,2,286.95,1.65,N,0
27.30901,89.97266,297.58,0.43,0.38,2024-04-02,1933,N20,VIIRS,n,2,286.04,1.54,N,0
27.30246,90.02003,297.93,0.43,0.38,2024-04-02,1933,N20,VIIRS,n,2,286.43,0.8,N,0
27.3056,89.97161,329.42,0.43,0.38,2024-04-02,1933,N20,VIIRS,n,2,288.14,1.54,N,0
27.30133,90.00259,338.38,0.43,0.38,2024-04-02,1933,N20,VIIRS,n,2,288.21,3.62,N,0
27.30498,89.9761,301.48,0.43,0.38,2024-04-02,1933,N20,VIIRS,n,2,287,1.54,N,0
27.30195,89.99808,299.86,0.43,0.38,2024-04-02,1933,N20,VIIRS,n,2,286.55,3.62,N,0
27.30157,89.97508,330.17,0.43,0.38,2024-04-02,1933,N20,VIIRS,n,2,288.4,2.05,N,0
27.29856,89.99693,323.32,0.43,0.38,2024-04-02,1933,N20,VIIRS,n,2,287.05,4.32,N,0
27.29794,90.00143,333.61,0.43,0.38,2024-04-02,1933,N20,VIIRS,n,2,287.41,4.32,N,0
27.30218,89.97071,298.49,0.43,0.38,2024-04-02,1933,N20,VIIRS,n,2,287,2.05,N,0
27.30098,89.97939,312.14,0.43,0.38,2024-04-02,1933,N20,VIIRS,n,2,287.65,1.38,N,0
27.29554,90.01886,309.43,0.43,0.38,2024-04-02,1933,N20,VIIRS,n,2,286.42,1.67,N,0
27.29302,90.03709,298.63,0.43,0.38,2024-04-02,1933,N20,VIIRS,n,2,284.6,0.91,N,0
27.29454,90.00037,344.27,0.43,0.38,2024-04-02,1933,N20,VIIRS,n,2,289.47,4.32,N,0
27.28959,90.03631,314.39,0.43,0.38,2024-04-02,1933,N20,VIIRS,n,2,285.37,0.91,N,0
27.28872,90.01689,301.37,0.43,0.38,2024-04-02,1933,N20,VIIRS,n,2,287.28,0.63,N,0
27.2862,90.03522,309.42,0.43,0.38,2024-04-02,1933,N20,VIIRS,n,2,286.64,1.62,N,0
27.28284,90.0339,320.85,0.43,0.38,2024-04-02,1933,N20,VIIRS,n,2,286.93,1.62,N,0
27.28531,90.01588,302.15,0.43,0.38,2024-04-02,1933,N20,VIIRS,n,2,287.54,0.63,N,0
27.2801,90.02805,303.81,0.43,0.38,2024-04-02,1933,N20,VIIRS,n,2,287.99,1.1,N,0
27.27947,90.03259,311.6,0.43,0.38,2024-04-02,1933,N20,VIIRS,n,2,287.7,1.1,N,0
27.05748,89.41806,330.41,0.4,0.44,2024-04-03,0647,N20,VIIRS,n,2,292.45,3.14,D,0
27.27461,90.03725,300.24,0.53,0.5,2024-04-03,1912,N20,VIIRS,n,2,277.55,1.61,N,0
27.279,90.04002,308.8,0.53,0.5,2024-04-03,1912,N20,VIIRS,n,2,275.94,2.4,N,0
27.28346,90.04211,302.64,0.53,0.5,2024-04-03,1912,N20,VIIRS,n,2,274.65,2.4,N,0
27.29245,90.04266,331.89,0.37,0.58,2024-04-04,0627,N20,VIIRS,n,2,289.51,3.37,D,0
27.30734,89.96477,338.1,0.37,0.58,2024-04-04,0627,N20,VIIRS,n,2,287.46,5.99,D,0
27.30856,89.97007,331.28,0.37,0.58,2024-04-04,0627,N20,VIIRS,n,2,286.74,3.55,D,0
27.30094,90.00841,367,0.37,0.58,2024-04-04,0627,N20,VIIRS,h,2,291.33,11.41,D,0
27.29928,90.04803,301.92,0.54,0.68,2024-04-04,1852,N20,VIIRS,n,2,281.95,1.46,N,0
27.29304,90.04699,297.56,0.54,0.68,2024-04-04,1852,N20,VIIRS,n,2,282.41,1.46,N,0
27.27391,90.05018,295.67,0.54,0.68,2024-04-04,1852,N20,VIIRS,n,2,282.14,0.8,N,0
27.29675,90.04785,297.05,0.54,0.68,2024-04-04,1852,N20,VIIRS,n,2,281.79,1.75,N,0
27.29697,90.04428,309.47,0.54,0.68,2024-04-04,1852,N20,VIIRS,n,2,281.89,1.75,N,0
27.29953,90.04424,300.36,0.54,0.68,2024-04-04,1852,N20,VIIRS,n,2,281.88,2.83,N,0
27.30107,90.01349,331.54,0.38,0.59,2024-04-05,0748,N20,VIIRS,n,2,293.38,4.97,D,0
27.32446,89.96664,340.05,0.39,0.44,2024-04-06,0729,N20,VIIRS,n,2,281.37,6.74,D,0
27.30149,90.01786,333.59,0.39,0.44,2024-04-06,0729,N20,VIIRS,n,2,286.76,2.12,D,0
27.07617,90.03253,344.83,0.39,0.44,2024-04-06,0729,N20,VIIRS,n,2,281.4,14.94,D,0
27.32569,89.96366,303.51,0.44,0.38,2024-04-06,1955,N20,VIIRS,n,2,285.27,1.03,N,0
27.32642,89.95956,308.36,0.44,0.38,2024-04-06,1955,N20,VIIRS,n,2,285.25,1.03,N,0
27.32324,89.96524,347.93,0.39,0.36,2024-04-07,0710,N20,VIIRS,n,2,300.93,8.66,D,0
27.32597,89.96072,354.34,0.39,0.36,2024-04-07,0710,N20,VIIRS,n,2,305.62,10.88,D,0
27.32927,89.96004,349.32,0.39,0.36,2024-04-07,0710,N20,VIIRS,n,2,298.61,10.88,D,0
27.29576,89.96303,334.41,0.39,0.36,2024-04-07,0710,N20,VIIRS,n,2,302.7,3.49,D,0
27.29975,90.01408,342.43,0.39,0.36,2024-04-07,0710,N20,VIIRS,n,2,310.12,7.21,D,0
27.25293,91.43769,334.63,0.42,0.37,2024-04-07,0710,N20,VIIRS,n,2,301.95,2.2,D,0
26.95262,90.88232,333.48,0.4,0.37,2024-04-07,0710,N20,VIIRS,l,2,304.21,1.45,D,0
27.32268,89.96143,367,0.39,0.36,2024-04-07,0710,N20,VIIRS,h,2,305.37,8.66,D,0
27.14834,91.34879,298.6,0.55,0.43,2024-04-08,1917,N20,VIIRS,n,2,287.12,10.37,N,0
27.15179,91.35308,341.7,0.55,0.43,2024-04-08,1917,N20,VIIRS,n,2,293.69,10.37,N,0
27.15231,91.34877,339.33,0.55,0.43,2024-04-08,1917,N20,VIIRS,n,2,291.96,10.37,N,0
27.15513,91.35829,302.95,0.55,0.43,2024-04-08,1917,N20,VIIRS,n,2,289.9,1.73,N,0
27.15624,91.34903,306.89,0.55,0.43,2024-04-08,1917,N20,VIIRS,n,2,288.27,1.8,N,0
27.15568,91.35376,329.6,0.55,0.43,2024-04-08,1917,N20,VIIRS,n,2,290.33,1.8,N,0
27.16014,91.34965,299.16,0.55,0.43,2024-04-08,1917,N20,VIIRS,n,2,288.32,1.8,N,0
27.18995,91.36597,299.67,0.55,0.43,2024-04-08,1917,N20,VIIRS,n,2,287.99,1.57,N,0
27.19049,91.36142,312.64,0.55,0.43,2024-04-08,1917,N20,VIIRS,n,2,287.82,1.98,N,0
27.19432,91.36266,327.1,0.55,0.43,2024-04-08,1917,N20,VIIRS,n,2,288.13,3.12,N,0
27.32431,91.50404,304.14,0.54,0.42,2024-04-08,1917,N20,VIIRS,n,2,286.83,4.98,N,0
27.32357,91.51007,336.35,0.54,0.42,2024-04-08,1917,N20,VIIRS,n,2,288.26,4.98,N,0
27.32813,91.50506,302.25,0.54,0.42,2024-04-08,1917,N20,VIIRS,n,2,286.92,4.98,N,0
27.32735,91.51141,331.43,0.54,0.42,2024-04-08,1917,N20,VIIRS,n,2,288.06,4.98,N,0
27.33188,91.50662,299.66,0.54,0.42,2024-04-08,1917,N20,VIIRS,n,2,286.66,0.64,N,0
27.15191,91.34737,314.99,0.55,0.43,2024-04-08,1918,N20,VIIRS,n,2,286.77,5.6,N,0
27.15138,91.35171,348.34,0.55,0.43,2024-04-08,1918,N20,VIIRS,n,2,294,10.43,N,0
27.15474,91.35673,311.24,0.55,0.42,2024-04-08,1918,N20,VIIRS,n,2,290.22,10.43,N,0
27.15529,91.35217,351.51,0.55,0.43,2024-04-08,1918,N20,VIIRS,n,2,293.29,10.43,N,0
27.14792,91.34751,297.17,0.55,0.43,2024-04-08,1918,N20,VIIRS,n,2,286.54,0.48,N,0
27.28382,90.61919,329.73,0.54,0.51,2024-04-09,0633,N20,VIIRS,n,2,297.61,5.12,D,0
27.14281,91.35479,352.15,0.49,0.48,2024-04-09,0633,N20,VIIRS,n,2,302.41,18.38,D,0
27.14217,91.35175,355.44,0.49,0.48,2024-04-09,0633,N20,VIIRS,n,2,304.55,18.38,D,0
27.14152,91.34863,354.17,0.49,0.48,2024-04-09,0633,N20,VIIRS,n,2,300.32,19.95,D,0
27.14085,91.34538,353.67,0.49,0.48,2024-04-09,0633,N20,VIIRS,n,2,303.88,19.95,D,0
27.14857,91.36047,334.28,0.49,0.48,2024-04-09,0633,N20,VIIRS,n,2,298.27,6.9,D,0
27.19077,91.36524,337.99,0.49,0.48,2024-04-09,0633,N20,VIIRS,n,2,296.71,7.92,D,0
27.18683,91.3683,355.88,0.49,0.48,2024-04-09,0633,N20,VIIRS,l,2,301.42,8.19,D,0
27.31711,91.512,333.57,0.47,0.48,2024-04-09,0633,N20,VIIRS,n,2,301.99,3.51,D,0
27.18758,91.37193,328.39,0.48,0.48,2024-04-09,0633,N20,VIIRS,l,2,299.2,8.19,D,0
27.18842,91.37598,331.65,0.48,0.48,2024-04-09,0633,N20,VIIRS,n,2,300.24,3.57,D,0
27.35433,91.49501,347.15,0.47,0.48,2024-04-09,0633,N20,VIIRS,n,2,301.28,9.66,D,0
27.35579,91.50233,330.46,0.47,0.48,2024-04-09,0633,N20,VIIRS,n,2,295.62,9.66,D,0
27.33177,91.51744,338.06,0.47,0.48,2024-04-09,0633,N20,VIIRS,n,2,297.99,3.65,D,0
27.32636,91.51305,327.27,0.47,0.48,2024-04-09,0633,N20,VIIRS,l,2,299.3,4.32,D,0
27.32179,91.51282,338.68,0.47,0.48,2024-04-09,0633,N20,VIIRS,n,2,301,4.32,D,0
27.14782,91.35686,351.51,0.49,0.48,2024-04-09,0633,N20,VIIRS,n,2,303.75,6.9,D,0
27.15301,91.35979,336.75,0.49,0.48,2024-04-09,0633,N20,VIIRS,n,2,302.91,5.72,D,0
27.31607,91.50694,330.96,0.47,0.48,2024-04-09,0633,N20,VIIRS,l,2,302.35,3.51,D,0
27.3557,91.49622,351.55,0.47,0.48,2024-04-09,0633,N20,VIIRS,n,2,298.77,16.71,D,0
27.38199,91.36063,339.09,0.48,0.48,2024-04-09,0633,N20,VIIRS,n,2,294.81,8.47,D,0
27.07931,89.86822,336.96,0.6,0.53,2024-04-09,0633,N20,VIIRS,n,2,293.68,7.55,D,0
27.28325,90.61694,327.52,0.54,0.5,2024-04-09,0633,N20,VIIRS,n,2,297.87,5.74,D,0
27.14345,91.35789,341.71,0.49,0.48,2024-04-09,0633,N20,VIIRS,n,2,301.14,6.9,D,0
27.31881,91.53007,342.36,0.45,0.63,2024-04-10,0614,N20,VIIRS,n,2,300.77,6.57,D,0
27.08666,89.87181,342.04,0.58,0.7,2024-04-10,0614,N20,VIIRS,n,2,288.24,8.36,D,0
27.32572,91.53362,333.4,0.45,0.63,2024-04-10,0614,N20,VIIRS,n,2,302.37,6.58,D,0
27.12907,91.3554,356.1,0.47,0.64,2024-04-10,0614,N20,VIIRS,l,2,295.86,8.52,D,0
27.13009,91.35764,355.53,0.47,0.64,2024-04-10,0614,N20,VIIRS,n,2,296.12,13.74,D,0
27.13137,91.3399,350.71,0.47,0.64,2024-04-10,0614,N20,VIIRS,n,2,296.17,8.78,D,0
27.1331,91.3469,328.13,0.47,0.64,2024-04-10,0614,N20,VIIRS,n,2,295.18,6.26,D,0
27.13228,91.34355,350.15,0.47,0.64,2024-04-10,0614,N20,VIIRS,n,2,295.99,8.78,D,0
27.32873,91.54602,328.21,0.45,0.63,2024-04-10,0614,N20,VIIRS,n,2,297.2,6.69,D,0
27.32694,91.53865,330.27,0.45,0.63,2024-04-10,0614,N20,VIIRS,n,2,300.07,6.58,D,0
27.08371,89.87286,339.71,0.58,0.7,2024-04-10,0614,N20,VIIRS,n,2,287.88,17.27,D,0
27.08505,89.878,339.4,0.58,0.7,2024-04-10,0614,N20,VIIRS,n,2,285.01,12.79,D,0
27.12928,91.35426,355.25,0.47,0.64,2024-04-10,0614,N20,VIIRS,n,2,296.46,13.13,D,0
27.12994,91.3589,343.52,0.47,0.64,2024-04-10,0614,N20,VIIRS,n,2,294.71,9.02,D,0
27.12822,91.35197,335.28,0.47,0.64,2024-04-10,0614,N20,VIIRS,n,2,295.64,8.52,D,0
27.32467,91.52933,355.16,0.45,0.63,2024-04-10,0614,N20,VIIRS,n,2,304.52,12.56,D,0
27.08821,89.87796,335.99,0.58,0.7,2024-04-10,0614,N20,VIIRS,n,2,285.31,8.36,D,0
27.3139,91.492,302.38,0.68,0.74,2024-04-10,1840,N20,VIIRS,n,2,282.21,4.24,N,0
27.3212,91.48424,340.74,0.68,0.74,2024-04-10,1840,N20,VIIRS,n,2,282.33,10.89,N,0
27.32084,91.49086,301.37,0.68,0.74,2024-04-10,1840,N20,VIIRS,n,2,282.02,4.24,N,0
27.32102,91.48757,340.58,0.68,0.74,2024-04-10,1840,N20,VIIRS,n,2,282.48,10.89,N,0
27.31641,91.48658,297.21,0.41,0.6,2024-04-10,2020,N20,VIIRS,n,2,283.25,0.89,N,0
27.06636,91.55039,329.34,0.61,0.54,2024-04-11,0736,N20,VIIRS,n,2,293.19,3.52,D,0
26.91658,89.61646,333.77,0.46,0.47,2024-04-11,0736,N20,VIIRS,n,2,296.62,6.63,D,0
27.11567,91.54487,333.96,0.61,0.54,2024-04-11,0736,N20,VIIRS,n,2,293.63,4.62,D,0
27.12804,91.35878,333.2,0.6,0.53,2024-04-11,0736,N20,VIIRS,n,2,297.76,9.1,D,0
27.12582,91.35745,335.99,0.6,0.53,2024-04-11,0736,N20,VIIRS,n,2,298.88,8.89,D,0
27.12966,91.34509,329.65,0.6,0.53,2024-04-11,0736,N20,VIIRS,n,2,296.39,6.23,D,0
27.3084,91.48933,342.55,0.61,0.53,2024-04-11,0736,N20,VIIRS,n,2,303.71,21.09,D,0
27.31389,91.4949,333.02,0.61,0.54,2024-04-11,0736,N20,VIIRS,n,2,300.66,15.88,D,0
27.31307,91.48593,340.7,0.61,0.53,2024-04-11,0736,N20,VIIRS,n,2,301.84,15.88,D,0
27.12432,91.34453,300.58,0.42,0.45,2024-04-11,2002,N20,VIIRS,n,2,270.08,0.64,N,0
27.12534,91.33948,295.73,0.42,0.45,2024-04-11,2002,N20,VIIRS,n,2,271.94,0.64,N,0
27.30832,91.47818,297.71,0.42,0.45,2024-04-11,2002,N20,VIIRS,n,2,276.93,1.03,N,0
27.31277,91.47748,297.32,0.42,0.45,2024-04-11,2002,N20,VIIRS,n,2,275.83,0.97,N,0
27.31389,91.47192,299.21,0.42,0.45,2024-04-11,2002,N20,VIIRS,n,2,274.99,0.77,N,0
27.13083,91.33347,309.78,0.42,0.45,2024-04-11,2002,N20,VIIRS,n,2,274.37,1.34,N,0
27.6748,89.76801,341.86,0.42,0.38,2024-04-12,0717,N20,VIIRS,n,2,300.43,7.16,D,0
26.97989,89.43966,346.48,0.41,0.37,2024-04-12,0717,N20,VIIRS,n,2,306.33,19.82,D,0
27.31953,91.46561,302.68,0.4,0.37,2024-04-12,1943,N20,VIIRS,n,2,279.29,0.97,N,0
27.07805,91.56151,300.14,0.4,0.37,2024-04-12,1943,N20,VIIRS,n,2,274.69,0.67,N,0
27.14083,91.33166,303.14,0.4,0.37,2024-04-12,1943,N20,VIIRS,n,2,265.36,0.85,N,0
27.14146,91.3279,295.79,0.4,0.37,2024-04-12,1943,N20,VIIRS,n,2,263.5,0.85,N,0
27.31679,91.46134,328.92,0.4,0.37,2024-04-12,1943,N20,VIIRS,n,2,282.85,3.01,N,0
27.11016,90.8098,342.39,0.4,0.37,2024-04-13,0658,N20,VIIRS,n,2,299.68,10.2,D,0
27.32289,91.46767,334.98,0.39,0.36,2024-04-13,0658,N20,VIIRS,n,2,302.31,3.85,D,0
27.32167,91.45975,336.4,0.39,0.36,2024-04-13,0658,N20,VIIRS,n,2,306.02,5.87,D,0
27.31629,91.46873,333.91,0.39,0.36,2024-04-13,0658,N20,VIIRS,l,2,304.36,3.85,D,0
27.32228,91.46371,347.77,0.39,0.36,2024-04-13,0658,N20,VIIRS,n,2,304.15,5.87,D,0
27.11935,91.33955,330.6,0.39,0.36,2024-04-13,0658,N20,VIIRS,l,2,302.53,2.25,D,0
27.10174,91.26994,298.89,0.46,0.39,2024-04-13,1924,N20,VIIRS,n,2,283.26,0.6,N,0
27.29939,89.95155,344.62,0.46,0.47,2024-04-14,0640,N20,VIIRS,n,2,284.77,8.61,D,0
27.25816,90.61799,354.01,0.43,0.46,2024-04-14,0640,N20,VIIRS,n,2,295.59,8.56,D,0
27.10061,91.27633,300.33,0.55,0.51,2024-04-14,1905,N20,VIIRS,n,2,284.74,1.53,N,0
27.10207,91.27772,298.31,0.55,0.51,2024-04-14,1905,N20,VIIRS,n,2,281.85,1.63,N,0
27.17989,89.99712,329.34,0.45,0.63,2024-04-15,0621,N20,VIIRS,n,2,293.76,3.81,D,0
27.48639,91.52331,341.94,0.36,0.57,2024-04-15,0621,N20,VIIRS,n,2,299.19,4.75,D,0
26.87379,91.05757,349.32,0.39,0.59,2024-04-15,0621,N20,VIIRS,n,2,293.15,5.75,D,0
26.83435,89.45119,310.15,0.52,0.5,2024-04-21,2015,N20,VIIRS,n,2,284.15,1.62,N,0
27.39333,89.49042,310.07,0.39,0.36,2024-04-23,0712,N20,VIIRS,l,2,321.89,93.37,D,0
27.39059,89.4948,338.79,0.39,0.36,2024-04-23,0712,N20,VIIRS,n,2,304.75,212.11,D,0
27.39004,89.49102,367,0.39,0.36,2024-04-23,0712,N20,VIIRS,l,2,371.5,212.11,D,0
27.39388,89.49422,338.95,0.39,0.36,2024-04-23,0712,N20,VIIRS,n,2,301.02,93.37,D,0
26.86208,89.57182,332.2,0.39,0.36,2024-04-23,0712,N20,VIIRS,n,2,299.9,2.58,D,0
26.96828,89.83795,333.13,0.47,0.4,2024-04-24,0653,N20,VIIRS,n,2,300.28,7.37,D,0
27.02036,89.95394,332.32,0.47,0.4,2024-04-24,0653,N20,VIIRS,n,2,298.13,4.99,D,0
27.01203,91.34961,329.79,0.47,0.48,2024-04-25,0634,N20,VIIRS,n,2,293.48,2.36,D,0
27.44937,91.15099,356.31,0.46,0.63,2024-04-26,0615,N20,VIIRS,l,2,289.77,15.66,D,0
27.4352,91.16729,330.48,0.46,0.63,2024-04-26,0615,N20,VIIRS,n,2,288.05,10.57,D,0
27.43586,91.17002,356.38,0.46,0.63,2024-04-26,0615,N20,VIIRS,l,2,288.73,10.57,D,0
27.44084,91.16563,367,0.46,0.63,2024-04-26,0615,N20,VIIRS,h,2,295.35,10.57,D,0
27.44005,91.16239,367,0.46,0.63,2024-04-26,0615,N20,VIIRS,h,2,299.22,18.64,D,0
27.43828,91.15505,367,0.46,0.63,2024-04-26,0615,N20,VIIRS,h,2,292.95,17.27,D,0
27.44156,91.1686,342.77,0.46,0.63,2024-04-26,0615,N20,VIIRS,n,2,290.31,10.57,D,0
27.43918,91.15879,354.7,0.46,0.63,2024-04-26,0615,N20,VIIRS,n,2,296.05,18.64,D,0
27.44698,91.16605,367,0.46,0.63,2024-04-26,0615,N20,VIIRS,h,2,296.75,42.09,D,0
27.44637,91.16353,367,0.46,0.63,2024-04-26,0615,N20,VIIRS,h,2,299.69,23.21,D,0
27.44824,91.1712,352.44,0.46,0.63,2024-04-26,0615,N20,VIIRS,n,2,290.21,38.57,D,0
27.44759,91.16853,349.39,0.46,0.63,2024-04-26,0615,N20,VIIRS,n,2,303.21,42.09,D,0
27.44566,91.16059,351.54,0.46,0.63,2024-04-26,0615,N20,VIIRS,n,2,293.94,23.21,D,0
27.44483,91.15717,346.39,0.46,0.63,2024-04-26,0615,N20,VIIRS,n,2,288.54,21.95,D,0
27.45353,91.16812,367,0.46,0.63,2024-04-26,0615,N20,VIIRS,h,2,295.1,42.09,D,0
27.45304,91.16611,352.21,0.46,0.63,2024-04-26,0615,N20,VIIRS,n,2,299.66,42.09,D,0
27.45251,91.16395,347.07,0.46,0.63,2024-04-26,0615,N20,VIIRS,n,2,289.03,23.21,D,0
27.44731,91.14239,347.1,0.46,0.63,2024-04-26,0615,N20,VIIRS,n,2,290.33,15.66,D,0
27.44894,91.1694,367,0.46,0.63,2024-04-26,0615,N20,VIIRS,h,2,295.86,39.83,D,0
27.44828,91.16674,354.84,0.46,0.63,2024-04-26,0615,N20,VIIRS,n,2,294.8,39.83,D,0
27.4477,91.16441,353.69,0.46,0.63,2024-04-26,0615,N20,VIIRS,n,2,298.57,31.96,D,0
27.44703,91.16171,352.65,0.46,0.63,2024-04-26,0615,N20,VIIRS,n,2,291.23,31.96,D,0
27.44377,91.14861,329.05,0.46,0.63,2024-04-26,0615,N20,VIIRS,n,2,285.81,10.91,D,0
27.45488,91.16897,353.45,0.46,0.63,2024-04-26,0615,N20,VIIRS,n,2,291.75,39.83,D,0
27.45432,91.16673,351.54,0.46,0.63,2024-04-26,0615,N20,VIIRS,n,2,298.72,39.83,D,0
27.4538,91.1646,351.86,0.46,0.63,2024-04-26,0615,N20,VIIRS,n,2,289.18,31.96,D,0
27.45105,91.15349,331.06,0.46,0.63,2024-04-26,0615,N20,VIIRS,n,2,286.99,10.91,D,0
27.44917,91.14593,355.27,0.46,0.63,2024-04-26,0615,N20,VIIRS,n,2,293.07,10.91,D,0
26.9738,89.88628,367,0.5,0.66,2024-04-26,0756,N20,VIIRS,h,2,291.69,22.52,D,0
27.09182,91.4733,356.09,0.63,0.72,2024-04-26,0756,N20,VIIRS,l,2,289.39,18.03,D,0
27.09157,91.46879,341.44,0.63,0.72,2024-04-26,0756,N20,VIIRS,n,2,291.64,18.03,D,0
27.44263,91.14343,298.44,0.4,0.6,2024-04-26,2021,N20,VIIRS,n,2,284.79,0.88,N,0
27.44353,91.13969,298.24,0.4,0.6,2024-04-26,2021,N20,VIIRS,n,2,284.26,0.88,N,0
27.44864,91.14223,298.95,0.4,0.6,2024-04-26,2021,N20,VIIRS,n,2,283.14,0.88,N,0
26.98963,89.96846,337.5,0.51,0.49,2024-04-27,0737,N20,VIIRS,n,2,289.97,6.38,D,0
27.47293,91.17666,338.57,0.61,0.54,2024-04-27,0737,N20,VIIRS,n,2,292.73,10.73,D,0
27.48243,91.17167,330.56,0.61,0.54,2024-04-27,0737,N20,VIIRS,n,2,289.83,5.79,D,0
26.91119,90.86527,336.43,0.47,0.4,2024-04-28,0718,N20,VIIRS,n,2,298.12,5.12,D,0
27.33936,90.55159,333.79,0.42,0.45,2024-04-30,0640,N20,VIIRS,n,2,292.91,3.5,D,0
27.50988,91.17308,336.55,0.37,0.58,2024-05-01,0621,N20,VIIRS,n,2,294.35,3.95,D,0
27.51109,91.17834,331.34,0.37,0.58,2024-05-01,0621,N20,VIIRS,n,2,294.04,7.69,D,0
27.51481,91.1706,328.08,0.37,0.58,2024-05-01,0621,N20,VIIRS,n,2,293.74,3.95,D,0
27.51098,91.17775,336.99,0.36,0.58,2024-05-01,0621,N20,VIIRS,n,2,294.27,7.8,D,0
27.14821,90.03988,336.04,0.44,0.62,2024-05-01,0621,N20,VIIRS,n,2,290.66,3.68,D,0
27.5098,91.17272,342.4,0.37,0.58,2024-05-01,0621,N20,VIIRS,n,2,294.75,8.44,D,0
27.15095,90.03659,330.81,0.44,0.62,2024-05-01,0621,N20,VIIRS,n,2,290.12,2.93,D,0
27.51702,91.16694,297.12,0.55,0.68,2024-05-01,1847,N20,VIIRS,n,2,286.62,1.13,N,0
27.48673,91.16077,325.27,0.71,0.75,2024-05-02,0603,N20,VIIRS,n,2,292.99,6.49,D,0
26.93416,91.51284,334.79,0.4,0.6,2024-05-02,0743,N20,VIIRS,n,2,295.9,4.63,D,0
27.50744,91.15713,298.37,0.51,0.5,2024-05-02,2009,N20,VIIRS,n,2,282.42,1.26,N,0
27.31787,89.93288,299.99,0.44,0.46,2024-05-02,2009,N20,VIIRS,n,2,288.18,1.62,N,0
27.3191,89.92699,299.76,0.44,0.46,2024-05-02,2009,N20,VIIRS,n,2,286.82,1.07,N,0
27.32413,89.92384,298.77,0.44,0.46,2024-05-02,2009,N20,VIIRS,n,2,287.92,1.07,N,0
27.32733,89.92944,317.16,0.44,0.46,2024-05-02,2009,N20,VIIRS,n,2,289.94,1.8,N,0
27.31805,89.99557,301.06,0.44,0.46,2024-05-02,2009,N20,VIIRS,n,2,283.57,0.45,N,0
27.33128,89.9315,308.32,0.44,0.46,2024-05-02,2009,N20,VIIRS,n,2,289.32,1.8,N,0
27.49128,89.92196,311.12,0.44,0.46,2024-05-02,2009,N20,VIIRS,n,2,284.89,1.86,N,0
27.49564,89.92197,315.53,0.44,0.46,2024-05-02,2009,N20,VIIRS,n,2,284.63,1.86,N,0
27.49605,89.94142,303.72,0.44,0.46,2024-05-02,2009,N20,VIIRS,n,2,284.44,1.43,N,0
27.5,89.9219,300.35,0.44,0.46,2024-05-02,2009,N20,VIIRS,n,2,283.23,0.86,N,0
27.4994,89.94641,306.68,0.44,0.46,2024-05-02,2009,N20,VIIRS,n,2,285.03,1.43,N,0
27.50136,89.93671,298.41,0.44,0.46,2024-05-02,2009,N20,VIIRS,n,2,284.77,1.06,N,0
27.50242,89.9315,301.38,0.44,0.46,2024-05-02,2009,N20,VIIRS,n,2,283.42,1.06,N,0
27.50467,89.94193,295.5,0.44,0.46,2024-05-02,2009,N20,VIIRS,n,2,283.93,1.54,N,0
27.50571,89.93677,315.65,0.44,0.46,2024-05-02,2009,N20,VIIRS,n,2,284.73,2.39,N,0
27.50364,89.94704,320.28,0.44,0.46,2024-05-02,2009,N20,VIIRS,n,2,286.46,1.54,N,0
27.31423,89.92937,296.55,0.44,0.46,2024-05-02,2009,N20,VIIRS,n,2,286.09,0.59,N,0
27.50839,91.15269,320.85,0.51,0.5,2024-05-02,2009,N20,VIIRS,n,2,283.98,3.25,N,0
27.12422,90.814,298.45,0.5,0.49,2024-05-02,2009,N20,VIIRS,n,2,285.91,1.21,N,0
27.12495,90.81049,309.16,0.5,0.49,2024-05-02,2009,N20,VIIRS,n,2,287.71,1.21,N,0
27.12568,90.80703,299.24,0.5,0.49,2024-05-02,2009,N20,VIIRS,n,2,287.46,0.88,N,0
27.12335,90.81062,311.61,0.5,0.49,2024-05-02,2009,N20,VIIRS,n,2,287.66,2.33,N,0
27.50487,89.95467,353.92,0.51,0.41,2024-05-03,0724,N20,VIIRS,n,2,290.82,30.38,D,0
27.50662,89.94109,338.13,0.51,0.41,2024-05-03,0724,N20,VIIRS,n,2,295.16,16.01,D,0
27.51463,89.93992,330.5,0.51,0.41,2024-05-03,0724,N20,VIIRS,n,2,300.08,36.95,D,0
27.51525,89.94517,367,0.51,0.41,2024-05-03,0724,N20,VIIRS,h,2,293.14,28,D,0
27.51094,89.94113,348.15,0.51,0.41,2024-05-03,0724,N20,VIIRS,n,2,303.19,36.95,D,0
27.51155,89.9463,351.9,0.51,0.41,2024-05-03,0724,N20,VIIRS,n,2,296.6,28,D,0
27.5079,89.94784,340.06,0.51,0.41,2024-05-03,0724,N20,VIIRS,l,2,310.78,30.38,D,0
27.50854,89.95328,347.29,0.51,0.41,2024-05-03,0724,N20,VIIRS,n,2,292.05,30.38,D,0
27.50918,89.95878,334.83,0.51,0.41,2024-05-03,0724,N20,VIIRS,n,2,284.99,8.68,D,0
27.5036,89.94386,345.38,0.51,0.41,2024-05-03,0724,N20,VIIRS,n,2,296.26,71.26,D,0
27.50424,89.94928,344.33,0.51,0.41,2024-05-03,0724,N20,VIIRS,n,2,293.18,30.38,D,0
27.0601,89.14529,337.77,0.46,0.39,2024-05-03,0724,N20,VIIRS,n,2,300.19,5.96,D,0
27.50494,89.95839,330.41,0.51,0.41,2024-05-03,0724,N20,VIIRS,n,2,289.13,9.08,D,0
27.50431,89.95324,346.29,0.51,0.41,2024-05-03,0724,N20,VIIRS,n,2,289.81,48.07,D,0
27.50363,89.9478,350.53,0.51,0.41,2024-05-03,0724,N20,VIIRS,n,2,297.12,48.07,D,0
27.50863,89.95724,348.68,0.51,0.41,2024-05-03,0724,N20,VIIRS,n,2,292.78,9.08,D,0
27.50795,89.9518,344.71,0.51,0.41,2024-05-03,0724,N20,VIIRS,n,2,290.22,48.07,D,0
27.51421,89.96105,305.9,0.4,0.37,2024-05-03,1950,N20,VIIRS,n,2,284.29,0.78,N,0
27.51849,89.93581,301.99,0.4,0.37,2024-05-03,1950,N20,VIIRS,n,2,282.82,0.6,N,0
27.14953,89.84206,296.91,0.4,0.37,2024-05-03,1950,N20,VIIRS,n,2,283.71,0.34,N,0
27.29794,90.03024,295.13,0.41,0.37,2024-05-03,1950,N20,VIIRS,n,2,284.96,0.63,N,0
27.3006,90.03503,303.39,0.41,0.37,2024-05-03,1950,N20,VIIRS,n,2,285.59,0.63,N,0
27.51017,89.96445,321.18,0.4,0.37,2024-05-03,1950,N20,VIIRS,n,2,286.24,1.7,N,0
27.30178,90.04259,336.08,0.39,0.36,2024-05-09,0711,N20,VIIRS,n,2,298.15,5.05,D,0
27.29847,90.04328,347.69,0.39,0.36,2024-05-09,0711,N20,VIIRS,n,2,303.51,5.05,D,0
27.29907,90.04745,329.6,0.39,0.36,2024-05-09,0711,N20,VIIRS,n,2,299.06,4.57,D,0
26.83325,89.4512,316.35,0.52,0.41,2024-05-13,2002,N20,VIIRS,n,2,290.11,1.84,N,0
26.8883,90.54041,334.36,0.45,0.39,2024-05-14,0717,N20,VIIRS,n,2,298.5,5.9,D,0
26.89059,90.53669,333.84,0.45,0.39,2024-05-14,0717,N20,VIIRS,n,2,298.01,7.63,D,0
27.22381,89.42849,333.29,0.41,0.37,2024-05-14,0718,N20,VIIRS,n,2,298.09,5.66,D,0
27.22434,89.43246,348.34,0.41,0.37,2024-05-14,0718,N20,VIIRS,n,2,302.83,5.66,D,0
28.06925,89.92236,343.32,0.41,0.37,2024-05-15,0659,N20,VIIRS,n,2,300.98,12.96,D,0
27.47194,91.59483,337.73,0.46,0.39,2024-05-21,0646,N20,VIIRS,l,2,302.9,7.14,D,0
27.46829,91.59518,335.46,0.46,0.39,2024-05-21,0646,N20,VIIRS,l,2,302.42,8.96,D,0
27.47565,91.59478,338.76,0.46,0.39,2024-05-21,0646,N20,VIIRS,l,2,303.67,7.14,D,0
27.47114,91.59037,338.77,0.46,0.39,2024-05-21,0646,N20,VIIRS,l,2,307.58,12.99,D,0
27.47647,91.59937,347.48,0.46,0.39,2024-05-21,0646,N20,VIIRS,l,2,299.54,7.14,D,0
26.95159,90.04972,296.67,0.52,0.5,2024-05-21,1912,N20,VIIRS,n,2,283.85,3.02,N,0
26.83571,89.4493,310.72,0.51,0.5,2024-05-23,2014,N20,VIIRS,n,2,292.09,1.55,N,0
26.8107,90.59357,330.57,0.4,0.37,2024-05-25,0711,N20,VIIRS,l,2,302.32,3.84,D,0
27.15864,90.06083,333.69,0.39,0.36,2024-05-25,0711,N20,VIIRS,n,2,301.36,3.11,D,0
27.15803,90.05663,334.35,0.39,0.36,2024-05-25,0711,N20,VIIRS,n,2,301.74,3.11,D,0
27.16256,90.06441,338.32,0.39,0.36,2024-05-25,0711,N20,VIIRS,n,2,304.57,24.57,D,0
27.16196,90.06026,353.74,0.39,0.36,2024-05-25,0711,N20,VIIRS,n,2,310.13,19.69,D,0
27.16136,90.0561,355.87,0.39,0.36,2024-05-25,0711,N20,VIIRS,n,2,304.7,19.69,D,0
27.16077,90.052,335.08,0.39,0.36,2024-05-25,0711,N20,VIIRS,n,2,298.93,7.12,D,0
27.16649,90.06798,339.69,0.39,0.36,2024-05-25,0711,N20,VIIRS,n,2,307.82,24.57,D,0
27.1659,90.0639,350.04,0.39,0.36,2024-05-25,0711,N20,VIIRS,n,2,315.35,24.57,D,0
27.16531,90.05979,355.2,0.39,0.36,2024-05-25,0711,N20,VIIRS,n,2,306.84,19.69,D,0
27.16471,90.05566,351.88,0.39,0.36,2024-05-25,0711,N20,VIIRS,n,2,306.24,19.69,D,0
27.16412,90.05157,347.22,0.39,0.36,2024-05-25,0711,N20,VIIRS,n,2,301.82,7.12,D,0
27.16982,90.06741,331.24,0.39,0.36,2024-05-25,0711,N20,VIIRS,l,2,304.3,8.32,D,0
27.16924,90.06341,349.31,0.39,0.36,2024-05-25,0711,N20,VIIRS,n,2,305.2,8.32,D,0
27.16788,90.05763,307.08,0.4,0.37,2024-05-25,1937,N20,VIIRS,n,2,292.48,2.38,N,0
27.16846,90.05367,328.03,0.4,0.37,2024-05-25,1937,N20,VIIRS,n,2,293.55,6.51,N,0
27.16904,90.04976,344.96,0.4,0.37,2024-05-25,1937,N20,VIIRS,n,2,295.46,6.51,N,0
27.16338,90.06491,321.89,0.4,0.37,2024-05-25,1937,N20,VIIRS,n,2,293.6,1.93,N,0
27.16284,90.06858,322.22,0.4,0.37,2024-05-25,1937,N20,VIIRS,n,2,293.74,1.93,N,0
27.16565,90.04951,309.72,0.4,0.37,2024-05-25,1937,N20,VIIRS,n,2,292.19,1.51,N,0
27.16507,90.05343,313.29,0.4,0.37,2024-05-25,1937,N20,VIIRS,n,2,292.24,1.51,N,0
27.16004,90.06435,312.24,0.4,0.37,2024-05-25,1937,N20,VIIRS,n,2,293.97,1.93,N,0
27.15949,90.06806,319.59,0.4,0.37,2024-05-25,1937,N20,VIIRS,n,2,294.23,1.93,N,0
27.15777,90.0564,305.68,0.4,0.37,2024-05-25,1937,N20,VIIRS,n,2,291.6,6.74,N,0
27.15669,90.06378,305.75,0.4,0.37,2024-05-25,1937,N20,VIIRS,n,2,292.92,12.54,N,0
27.15615,90.06747,311.81,0.4,0.37,2024-05-25,1937,N20,VIIRS,n,2,293.66,12.54,N,0
27.15559,90.0713,309.92,0.4,0.37,2024-05-25,1937,N20,VIIRS,n,2,293.26,2.53,N,0
27.15496,90.05221,334.62,0.4,0.37,2024-05-25,1937,N20,VIIRS,n,2,292.13,5.51,N,0
27.15441,90.05594,352.48,0.4,0.37,2024-05-25,1937,N20,VIIRS,n,2,297.35,6.74,N,0
27.15388,90.05959,367,0.4,0.37,2024-05-25,1937,N20,VIIRS,h,2,299,6.74,N,0
27.15335,90.06323,351.7,0.4,0.37,2024-05-25,1937,N20,VIIRS,n,2,303.52,12.54,N,0
27.1528,90.06695,355.81,0.4,0.37,2024-05-25,1937,N20,VIIRS,n,2,299.49,12.54,N,0
27.15226,90.07062,324.03,0.4,0.37,2024-05-25,1937,N20,VIIRS,n,2,294.1,2.53,N,0
27.15056,90.05888,345.25,0.4,0.37,2024-05-25,1937,N20,VIIRS,n,2,292.97,4.03,N,0
27.15003,90.0625,340.83,0.4,0.37,2024-05-25,1937,N20,VIIRS,n,2,293.17,7.8,N,0
27.15109,90.05523,316.72,0.4,0.37,2024-05-25,1937,N20,VIIRS,n,2,291.9,4.03,N,0
27.14232,90.04468,332.8,0.47,0.4,2024-05-26,0652,N20,VIIRS,l,2,296.93,4.8,D,0
27.14596,90.0442,348.28,0.47,0.4,2024-05-26,0652,N20,VIIRS,n,2,299.84,16.02,D,0
27.39585,91.21302,340.92,0.42,0.38,2024-05-26,0652,N20,VIIRS,n,2,302.71,8.93,D,0
27.13668,90.68237,341.47,0.43,0.46,2024-07-19,0638,N20,VIIRS,n,2,286.73,5.51,D,0
27.08719,91.19956,345.29,0.48,0.65,2024-07-31,0613,N20,VIIRS,n,2,288.6,6.78,D,0
27.23575,90.0648,340.21,0.5,0.49,2024-08-17,0735,N20,VIIRS,n,2,293.91,5.7,D,0
27.2414,90.07556,335.89,0.5,0.49,2024-08-17,0735,N20,VIIRS,n,2,291.89,6.42,D,0
27.24099,90.07154,354.37,0.5,0.49,2024-08-17,0735,N20,VIIRS,n,2,292.65,14.67,D,0
27.2406,90.06779,352.11,0.5,0.49,2024-08-17,0735,N20,VIIRS,n,2,295.55,14.67,D,0
27.24022,90.06401,341.27,0.5,0.49,2024-08-17,0735,N20,VIIRS,n,2,295.9,5.7,D,0
27.23858,90.0706,345,0.5,0.49,2024-08-17,0735,N20,VIIRS,n,2,292.09,7.92,D,0
27.23822,90.06689,345.57,0.5,0.49,2024-08-17,0735,N20,VIIRS,n,2,294.49,16.88,D,0
27.24336,90.07291,352.86,0.5,0.49,2024-08-17,0735,N20,VIIRS,n,2,295.56,66.49,D,0
27.24298,90.06898,339.03,0.5,0.49,2024-08-17,0735,N20,VIIRS,n,2,303.09,66.49,D,0
27.24262,90.06538,337.21,0.5,0.49,2024-08-17,0735,N20,VIIRS,n,2,294.64,12.38,D,0
27.24641,90.06493,331.01,0.43,0.38,2024-08-18,0716,N20,VIIRS,n,2,285.35,1.93,D,0
27.58673,91.22128,337.15,0.72,0.75,2024-09-22,0759,N20,VIIRS,n,2,293.38,7.61,D,0
27.58759,91.22102,336.93,0.71,0.75,2024-09-22,0759,N20,VIIRS,n,2,294.37,9.9,D,0
26.97796,91.75878,304.75,0.4,0.37,2024-10-27,1928,N20,VIIRS,n,2,286.18,0.77,N,0
27.55904,89.90634,326.38,0.48,0.4,2024-11-02,0650,N20,VIIRS,n,2,292.22,2.84,D,0
26.86992,89.37535,332.15,0.44,0.38,2024-11-07,0656,N20,VIIRS,l,2,303.31,20.28,D,0
27.35781,91.46799,331.1,0.39,0.36,2024-11-12,0702,N20,VIIRS,n,2,291.53,4.05,D,0
27.35452,91.46867,342.53,0.39,0.36,2024-11-12,0702,N20,VIIRS,n,2,292.3,3.6,D,0
26.94317,89.38324,331.97,0.54,0.42,2024-11-16,0727,N20,VIIRS,n,2,287.6,3.12,D,0
27.34029,91.99361,325.73,0.45,0.47,2024-11-19,0631,N20,VIIRS,n,2,290.37,3.46,D,0
27.34244,89.2144,331.41,0.33,0.55,2024-11-19,0631,N20,VIIRS,n,2,289.37,4.24,D,0
27.27344,91.1726,341.31,0.47,0.4,2024-11-22,0715,N20,VIIRS,n,2,297.55,12.41,D,0
27.26303,91.1846,353.97,0.47,0.4,2024-11-22,0715,N20,VIIRS,n,2,310.27,29.05,D,0
27.26241,91.17974,335.41,0.47,0.4,2024-11-22,0715,N20,VIIRS,n,2,304.48,7.33,D,0
27.26181,91.17506,344.73,0.47,0.4,2024-11-22,0715,N20,VIIRS,n,2,303.08,7.33,D,0
27.26122,91.1704,334.04,0.47,0.4,2024-11-22,0715,N20,VIIRS,n,2,299.91,6,D,0
27.26657,91.18343,341.74,0.47,0.4,2024-11-22,0715,N20,VIIRS,n,2,302.67,5.15,D,0
27.26593,91.17842,338.89,0.47,0.4,2024-11-22,0715,N20,VIIRS,n,2,302.95,10.51,D,0
27.26534,91.17384,355.73,0.47,0.4,2024-11-22,0715,N20,VIIRS,n,2,306.38,10.51,D,0
27.26478,91.1694,334.49,0.47,0.4,2024-11-22,0715,N20,VIIRS,n,2,301.9,15.64,D,0
27.27007,91.18198,326.94,0.47,0.4,2024-11-22,0715,N20,VIIRS,n,2,293.62,5.15,D,0
27.2694,91.17681,347.77,0.47,0.4,2024-11-22,0715,N20,VIIRS,n,2,301.78,10.51,D,0
27.26882,91.17226,334.09,0.47,0.4,2024-11-22,0715,N20,VIIRS,n,2,302.77,10.51,D,0
27.27293,91.17559,347.69,0.47,0.4,2024-11-22,0715,N20,VIIRS,n,2,305.39,26.67,D,0
27.27047,91.17855,343.52,0.47,0.4,2024-11-22,0715,N20,VIIRS,n,2,297.88,12.41,D,0
27.26989,91.17387,351.39,0.47,0.4,2024-11-22,0715,N20,VIIRS,n,2,304.59,12.41,D,0
27.27405,91.17761,329.88,0.47,0.4,2024-11-22,0715,N20,VIIRS,n,2,294.39,12.41,D,0
26.78847,90.74879,334.56,0.66,0.73,2024-12-01,0606,N20,VIIRS,n,2,291.57,4.75,D,0
26.79144,90.7504,332.64,0.66,0.73,2024-12-01,0606,N20,VIIRS,n,2,290.92,3.98,D,0
27.31365,91.82803,329.81,0.5,0.49,2024-12-02,0727,N20,VIIRS,n,2,284.36,3.68,D,0
27.31161,91.82684,327.16,0.5,0.49,2024-12-02,0727,N20,VIIRS,n,2,286.58,3.39,D,0
27.10843,91.245,333.48,0.39,0.36,2024-12-03,1934,N20,VIIRS,n,2,286.69,1.98,N,0
27.10783,91.24892,309.21,0.39,0.36,2024-12-03,1934,N20,VIIRS,n,2,284.03,1.36,N,0
27.10723,91.25284,315.53,0.39,0.36,2024-12-03,1934,N20,VIIRS,n,2,283.92,1.36,N,0
27.10456,91.24822,321.9,0.39,0.36,2024-12-03,1934,N20,VIIRS,n,2,284.95,2.46,N,0
27.11377,91.2543,313.65,0.39,0.36,2024-12-03,1934,N20,VIIRS,n,2,281.84,1.22,N,0
27.11172,91.24567,296.88,0.39,0.36,2024-12-03,1934,N20,VIIRS,n,2,283.26,1.98,N,0
27.11049,91.2536,312.77,0.39,0.36,2024-12-03,1934,N20,VIIRS,n,2,283.85,1.36,N,0
27.10201,91.24823,333.39,0.43,0.38,2024-12-04,0649,N20,VIIRS,n,2,295.44,7.48,D,0
27.10057,91.2518,345.97,0.43,0.38,2024-12-04,0649,N20,VIIRS,n,2,296.08,7.3,D,0
27.104,91.25092,339.59,0.43,0.38,2024-12-04,0649,N20,VIIRS,n,2,294.96,7.3,D,0
27.1028,91.25272,337.04,0.43,0.38,2024-12-04,0649,N20,VIIRS,n,2,293.93,9.86,D,0
27.47591,91.63137,351.16,0.39,0.44,2024-12-13,0721,N20,VIIRS,n,2,305.15,16.14,D,0
27.47684,91.63937,367,0.39,0.44,2024-12-13,0721,N20,VIIRS,h,2,299.09,9.62,D,0
27.4773,91.64332,339.03,0.39,0.44,2024-12-13,0721,N20,VIIRS,n,2,292.6,4.96,D,0
27.47786,91.64013,367,0.39,0.44,2024-12-13,0721,N20,VIIRS,h,2,306.18,9.12,D,0
27.47829,91.6441,338.74,0.39,0.44,2024-12-13,0721,N20,VIIRS,n,2,294.55,6.03,D,0
27.47741,91.636,328.64,0.39,0.44,2024-12-13,0721,N20,VIIRS,n,2,299.74,9.12,D,0
27.47696,91.63185,344.47,0.39,0.44,2024-12-13,0721,N20,VIIRS,n,2,303.94,9.99,D,0
27.47653,91.62785,335.5,0.39,0.44,2024-12-13,0721,N20,VIIRS,l,2,307.57,9.99,D,0
27.4823,91.64328,367,0.39,0.44,2024-12-13,0721,N20,VIIRS,h,2,305.48,22.3,D,0
27.48183,91.63894,348.13,0.39,0.44,2024-12-13,0721,N20,VIIRS,n,2,316.16,26.19,D,0
27.48088,91.63019,334.33,0.39,0.44,2024-12-13,0721,N20,VIIRS,n,2,303.07,14.25,D,0
27.48621,91.6415,367,0.39,0.44,2024-12-13,0721,N20,VIIRS,h,2,296.14,22.3,D,0
27.48568,91.63665,353.44,0.39,0.44,2024-12-13,0721,N20,VIIRS,n,2,308.57,26.19,D,0
27.48517,91.63191,333.44,0.39,0.44,2024-12-13,0721,N20,VIIRS,n,2,298.18,26.19,D,0
27.48471,91.62771,355.72,0.39,0.44,2024-12-13,0721,N20,VIIRS,n,2,304.47,14.25,D,0
27.4843,91.62402,334.32,0.39,0.44,2024-12-13,0721,N20,VIIRS,n,2,296.87,14.25,D,0
27.489,91.62947,367,0.39,0.44,2024-12-13,0721,N20,VIIRS,h,2,299.59,26.92,D,0
27.49005,91.63909,338.99,0.39,0.44,2024-12-13,0721,N20,VIIRS,n,2,292.6,19.12,D,0
27.4895,91.63406,346.13,0.39,0.44,2024-12-13,0721,N20,VIIRS,n,2,310.21,26.92,D,0
27.48857,91.62558,338.74,0.39,0.44,2024-12-13,0721,N20,VIIRS,n,2,295.47,5.53,D,0
27.38083,92.01756,328.86,0.39,0.36,2024-12-14,0702,N20,VIIRS,n,2,287.78,3.65,D,0
27.2974,92.00365,336.61,0.39,0.36,2024-12-14,0702,N20,VIIRS,n,2,290.61,2.24,D,0
27.48986,91.62034,325.47,0.39,0.36,2024-12-14,0702,N20,VIIRS,l,2,298.39,5.72,D,0
27.48877,91.61288,349.38,0.39,0.36,2024-12-14,0702,N20,VIIRS,n,2,314.95,14.61,D,0
27.49314,91.6195,333.16,0.39,0.36,2024-12-14,0702,N20,VIIRS,n,2,298.18,4.44,D,0
27.49259,91.61576,337.72,0.39,0.36,2024-12-14,0702,N20,VIIRS,n,2,299.23,4.44,D,0
27.49205,91.61202,332.64,0.39,0.36,2024-12-14,0702,N20,VIIRS,n,2,299.36,8.3,D,0
27.49191,90.67687,334.08,0.53,0.42,2024-12-15,0643,N20,VIIRS,n,2,293.67,9.69,D,0
27.4915,90.68009,325.54,0.53,0.42,2024-12-15,0643,N20,VIIRS,n,2,292.2,4.99,D,0
27.49049,90.6748,328.01,0.53,0.42,2024-12-15,0643,N20,VIIRS,n,2,293.81,4.99,D,0
27.97221,91.44679,328.76,0.48,0.4,2024-12-15,0643,N20,VIIRS,n,2,289.43,3.59,D,0
27.97487,91.4409,333.12,0.48,0.4,2024-12-15,0643,N20,VIIRS,n,2,289.72,7.51,D,0
26.86664,91.38578,331.85,0.62,0.54,2024-12-16,0624,N20,VIIRS,n,2,293.29,9.19,D,0
26.86548,91.38042,338.15,0.62,0.54,2024-12-16,0624,N20,VIIRS,n,2,298.04,9.19,D,0
26.87027,91.37889,331.48,0.62,0.54,2024-12-16,0624,N20,VIIRS,n,2,294.74,8.93,D,0
26.86838,91.38386,338.4,0.62,0.54,2024-12-16,0624,N20,VIIRS,n,2,296.12,15.87,D,0
26.86719,91.37854,337.82,0.62,0.54,2024-12-16,0624,N20,VIIRS,n,2,298.35,13.24,D,0
27.36656,89.21679,296.94,0.45,0.63,2024-12-16,2030,N20,VIIRS,n,2,265.54,0.76,N,0
27.36176,89.22558,328.75,0.34,0.56,2024-12-17,0746,N20,VIIRS,n,2,288.2,43.12,D,0
27.36691,89.22501,342,0.34,0.56,2024-12-17,0746,N20,VIIRS,n,2,289.48,43.12,D,0
27.3663,89.21814,337.94,0.34,0.56,2024-12-17,0746,N20,VIIRS,n,2,297.98,28.99,D,0
27.37504,89.19959,367,0.34,0.56,2024-12-17,0746,N20,VIIRS,h,2,301.17,8.82,D,0
27.36362,89.22389,367,0.34,0.56,2024-12-17,0746,N20,VIIRS,h,2,291.08,42.95,D,0
27.36847,89.21972,355.74,0.34,0.56,2024-12-17,0746,N20,VIIRS,n,2,298.36,42.95,D,0
27.37729,89.20069,356.02,0.34,0.56,2024-12-17,0746,N20,VIIRS,n,2,304.24,35.15,D,0
27.37703,89.1975,354.57,0.34,0.56,2024-12-17,0746,N20,VIIRS,n,2,324.21,35.15,D,0
27.38226,89.19794,367,0.34,0.56,2024-12-17,0746,N20,VIIRS,h,2,290.73,15.19,D,0
28.15112,89.65368,349.95,0.37,0.58,2024-12-17,0746,N20,VIIRS,n,2,293.64,7.59,D,0
28.15081,89.64991,348.5,0.37,0.58,2024-12-17,0746,N20,VIIRS,n,2,301.49,7.59,D,0
28.14945,89.65314,367,0.37,0.58,2024-12-17,0746,N20,VIIRS,h,2,297.04,14.65,D,0
28.14801,89.64845,338.34,0.38,0.43,2024-12-18,0727,N20,VIIRS,n,2,302.07,7.23,D,0
26.91026,89.04783,325.86,0.52,0.41,2024-12-18,0727,N20,VIIRS,n,2,299.54,2.75,D,0
26.89366,89.3578,329.4,0.38,0.36,2024-12-19,0708,N20,VIIRS,n,2,294.71,2.33,D,0
27.79762,90.52651,328.67,0.4,0.37,2024-12-19,0708,N20,VIIRS,n,2,291.38,7,D,0
27.79816,90.53035,352.68,0.4,0.37,2024-12-19,0708,N20,VIIRS,n,2,306.46,7,D,0
27.7987,90.53416,339.24,0.4,0.37,2024-12-19,0708,N20,VIIRS,n,2,304.96,7.17,D,0
27.79539,90.53487,345.24,0.4,0.37,2024-12-19,0708,N20,VIIRS,n,2,306.96,6.47,D,0
27.39607,91.98302,339.22,0.44,0.38,2024-12-19,0708,N20,VIIRS,n,2,293.93,21.33,D,0
26.91713,89.04592,330.43,0.38,0.36,2024-12-19,0708,N20,VIIRS,n,2,300.38,3.52,D,0
26.91443,89.05039,337.3,0.38,0.36,2024-12-19,0708,N20,VIIRS,n,2,302.31,4.6,D,0
27.31259,91.84878,336.04,0.43,0.38,2024-12-19,0708,N20,VIIRS,n,2,300.63,8.97,D,0
27.15856,90.90021,332.04,0.4,0.37,2024-12-19,0708,N20,VIIRS,n,2,290.18,4.13,D,0
27.31432,92.02963,340.65,0.41,0.37,2024-12-20,0649,N20,VIIRS,n,2,283.96,20.88,D,0
26.87041,90.4408,332.28,0.43,0.38,2024-12-24,0714,N20,VIIRS,n,2,299.05,2.77,D,0
27.24743,91.94524,344.29,0.51,0.41,2024-12-24,0714,N20,VIIRS,n,2,291.91,7.36,D,0
27.32061,91.97668,329.51,0.51,0.41,2024-12-24,0715,N20,VIIRS,n,2,286.46,15.22,D,0
27.31538,91.97955,326.23,0.55,0.43,2024-12-26,0637,N20,VIIRS,n,2,290.22,4.16,D,0
27.30664,92.04944,349.75,0.35,0.56,2024-12-27,0618,N20,VIIRS,n,2,290.05,6.04,D,0
27.36349,92.01749,328.78,0.35,0.56,2024-12-27,0618,N20,VIIRS,n,2,291.16,2.37,D,0
27.8114,90.50929,327.7,0.66,0.73,2024-12-27,0759,N20,VIIRS,n,2,287.95,6.58,D,0
27.60684,89.42621,326.44,0.57,0.69,2024-12-27,0759,N20,VIIRS,n,2,291.91,6.66,D,0
27.81813,90.50859,356.3,0.66,0.73,2024-12-27,0759,N20,VIIRS,l,2,284.25,17.09,D,0
27.28844,92.04734,334.06,0.67,0.74,2024-12-28,0559,N20,VIIRS,n,2,290.32,11.43,D,0
27.27089,92.06062,335.03,0.67,0.74,2024-12-28,0559,N20,VIIRS,n,2,284.63,6.39,D,0
27.28521,92.04354,339.37,0.67,0.74,2024-12-28,0600,N20,VIIRS,n,2,288.39,14.26,D,0
27.29051,92.06306,334.1,0.67,0.74,2024-12-28,0600,N20,VIIRS,n,2,284.68,10.49,D,0
27.31294,91.81937,333.02,0.4,0.6,2024-12-28,0740,N20,VIIRS,n,2,291.41,5.03,D,0
27.29189,92.04775,350.05,0.41,0.61,2024-12-28,0740,N20,VIIRS,n,2,297.82,6.91,D,0
27.60422,90.80341,367,0.35,0.57,2024-12-28,0740,N20,VIIRS,h,2,301.98,16.06,D,0
27.27003,92.05595,356.13,0.41,0.61,2024-12-28,0740,N20,VIIRS,l,2,289.66,10.64,D,0
27.26971,92.05177,337.7,0.41,0.61,2024-12-28,0740,N20,VIIRS,n,2,288.83,10.64,D,0
27.29222,92.05207,326.75,0.41,0.61,2024-12-28,0740,N20,VIIRS,n,2,294.91,6.91,D,0
27.31333,91.82013,327.75,0.4,0.6,2024-12-28,0740,N20,VIIRS,n,2,291.31,8.27,D,0
